t_s,x,y,yaw_deg,dist_m,speed_mps,min_scan_m,known_pct,free_m2,occ_m2
3.0,0.237,-0.045,-8.5,0.0,0.0,15.71,0.09,0.3,0.0
4.0,0.306,-0.064,-8.3,0.07,0.07,21.48,0.09,0.3,0.0
5.0,0.251,-0.075,-7.9,0.13,0.06,21.51,0.09,0.3,0.0
6.0,0.193,-0.099,-7.6,0.19,0.06,21.53,0.09,0.3,0.0
7.0,0.152,-0.097,-7.7,0.23,0.04,21.56,0.09,0.3,0.0
8.0,0.126,-0.091,-7.7,0.26,0.03,21.56,0.09,0.3,0.0
9.0,0.063,-0.106,-7.7,0.32,0.06,21.55,0.09,0.3,0.0
10.0,0.024,-0.088,-7.6,0.37,0.04,21.54,0.09,0.3,0.0
11.0,0.014,-0.092,-7.6,0.38,0.01,21.55,0.09,0.3,0.0
12.0,-0.02,-0.083,-7.7,0.41,0.03,21.44,0.09,0.3,0.0
13.0,-0.023,-0.058,-7.6,0.44,0.02,21.41,0.09,0.3,0.0
14.0,-0.014,-0.06,-7.6,0.45,0.01,21.42,0.09,0.3,0.0
15.0,-0.029,-0.079,-7.7,0.47,0.02,21.43,0.09,0.3,0.0
16.0,0.263,-0.099,-7.3,0.76,0.29,21.55,0.09,0.3,0.0
17.0,0.757,-0.026,-5.8,1.26,0.5,21.58,0.33,1.4,0.0
18.0,1.262,0.099,-5.7,1.78,0.52,21.76,0.33,1.4,0.0
19.0,1.517,0.039,-5.4,2.05,0.26,21.95,3.2,14.1,0.1
20.0,1.522,0.016,-5.3,2.07,0.02,22.1,3.2,14.1,0.1
21.0,2.059,-0.006,-4.9,2.61,0.54,22.33,8.12,36.9,0.2
22.0,2.313,-0.079,-4.8,2.87,0.26,22.48,8.12,36.9,0.2
23.0,2.306,-0.05,-4.9,2.9,0.03,22.64,13.52,62.7,0.3
24.0,2.793,-0.257,-5.1,3.43,0.53,23.01,13.52,62.7,0.3
25.0,3.053,-0.347,-4.7,3.7,0.28,23.09,15.12,73.2,0.4
26.0,3.302,-0.38,-4.6,3.96,0.25,23.39,15.12,73.2,0.4
27.0,3.927,-0.435,-4.6,4.58,0.63,23.56,16.5,83.4,0.4
28.0,4.563,-0.553,-4.6,5.23,0.65,23.89,16.5,83.4,0.4
29.0,4.877,-0.593,-4.6,5.55,0.32,24.07,17.87,95.8,0.5
30.0,5.502,-0.679,-4.5,6.18,0.63,24.26,17.87,95.8,0.5
31.0,5.717,-0.724,-4.0,6.4,0.22,24.59,18.23,103.2,0.5
32.0,5.733,-0.753,-2.4,6.43,0.03,24.61,18.23,103.2,0.5
33.0,5.748,-0.77,-2.0,6.45,0.02,24.62,18.23,103.2,0.5
34.0,5.743,-0.757,-1.9,6.47,0.01,24.63,18.23,103.2,0.5
35.0,5.731,-0.741,-1.9,6.49,0.02,24.62,18.23,103.2,0.5
36.0,5.707,-0.726,-2.0,6.52,0.03,24.61,18.23,103.2,0.5
37.0,5.673,-0.704,-1.8,6.56,0.04,24.57,18.23,103.2,0.5
38.0,5.643,-0.702,-1.9,6.59,0.03,24.59,18.23,103.2,0.5
39.0,5.646,-0.706,-1.9,6.59,0.0,24.6,18.23,103.2,0.5
40.0,5.635,-0.675,-1.7,6.62,0.03,24.6,18.23,103.2,0.5
41.0,5.598,-0.704,-1.8,6.67,0.05,24.57,18.23,103.2,0.5
42.0,5.584,-0.722,-1.8,6.69,0.02,24.58,18.23,103.2,0.5
43.0,5.581,-0.74,-1.8,6.71,0.02,24.57,18.23,103.2,0.5
44.0,5.602,-0.758,-1.9,6.74,0.03,24.58,18.23,103.2,0.5
45.0,5.574,-0.747,-1.9,6.77,0.03,24.57,18.23,103.2,0.5
46.0,5.578,-0.752,-1.9,6.77,0.01,24.56,18.23,103.2,0.5
47.0,5.573,-0.783,-1.8,6.81,0.03,24.53,18.23,103.2,0.5
48.0,5.524,-0.791,-1.8,6.86,0.05,24.51,18.23,103.2,0.5
49.0,5.509,-0.8,-1.9,6.87,0.02,24.53,18.23,103.2,0.5
50.0,5.528,-0.803,-1.9,6.89,0.02,24.55,18.23,103.2,0.5
51.0,5.542,-0.786,-1.9,6.91,0.02,24.59,18.23,103.2,0.5
52.0,5.551,-0.772,-1.9,6.93,0.02,24.58,18.23,103.2,0.5
53.0,5.561,-0.766,-1.9,6.94,0.01,24.59,18.23,103.2,0.5
54.0,5.574,-0.764,-1.9,6.96,0.01,24.59,18.23,103.2,0.5
55.0,5.559,-0.78,-1.8,6.98,0.02,24.6,18.23,103.2,0.5
56.0,5.551,-0.781,-1.8,6.99,0.01,24.59,18.23,103.2,0.5
57.0,5.543,-0.771,-1.9,7.0,0.01,24.58,18.23,103.2,0.5
58.0,5.538,-0.772,-1.9,7.0,0.01,24.61,18.23,103.2,0.5
59.0,5.541,-0.802,-1.9,7.03,0.03,24.61,18.23,103.2,0.5
60.0,5.533,-0.806,-1.9,7.04,0.01,24.6,18.23,103.2,0.5
61.0,5.532,-0.796,-1.9,7.05,0.01,24.61,18.23,103.2,0.5
62.0,5.539,-0.792,-1.9,7.06,0.01,24.59,18.23,103.2,0.5
63.0,5.545,-0.797,-1.9,7.07,0.01,24.59,18.23,103.2,0.5
64.0,5.551,-0.8,-1.9,7.08,0.01,24.58,18.23,103.2,0.5
65.0,5.528,-0.814,-1.9,7.1,0.03,24.59,18.23,103.2,0.5
66.0,5.537,-0.817,-1.9,7.11,0.01,24.59,18.23,103.2,0.5
67.0,5.575,-0.802,-2.0,7.15,0.04,24.58,18.23,103.2,0.5
68.0,5.562,-0.807,-1.9,7.17,0.01,24.58,18.23,103.2,0.5
69.0,5.562,-0.795,-2.0,7.18,0.01,24.6,18.23,103.2,0.5
70.0,5.563,-0.813,-2.0,7.2,0.02,24.6,18.23,103.2,0.5
71.0,5.589,-0.835,-2.0,7.23,0.03,24.62,18.23,103.2,0.5
72.0,5.601,-0.833,-2.0,7.24,0.01,24.6,18.23,103.2,0.5
73.0,5.595,-0.814,-2.0,7.26,0.02,24.59,18.23,103.2,0.5
74.0,5.581,-0.819,-2.0,7.28,0.01,24.58,18.23,103.2,0.5
75.0,5.201,-0.84,-1.1,7.66,0.38,24.31,18.23,103.2,0.5
76.0,4.746,-0.805,-2.1,8.12,0.46,24.21,18.23,103.2,0.5
77.0,4.826,-0.777,41.0,8.2,0.09,24.03,19.71,112.0,0.6
78.0,4.804,-0.744,65.7,8.24,0.04,23.91,19.71,112.0,0.6
79.0,4.764,-0.744,64.9,8.28,0.04,23.84,20.46,116.2,0.6
80.0,4.718,-0.711,64.3,8.34,0.06,23.89,20.46,116.2,0.6
81.0,4.665,-0.712,63.9,8.39,0.05,23.83,20.46,116.2,0.6
82.0,4.66,-0.734,63.7,8.41,0.02,23.78,20.46,116.2,0.6
83.0,4.679,-0.734,63.5,8.43,0.02,23.77,20.46,116.2,0.6
84.0,4.694,-0.736,63.4,8.45,0.02,23.83,20.46,116.2,0.6
85.0,4.687,-0.748,63.4,8.46,0.01,23.9,20.46,116.2,0.6
86.0,4.679,-0.754,63.4,8.47,0.01,23.89,20.46,116.2,0.6
87.0,4.693,-0.738,63.4,8.49,0.02,23.88,20.46,116.2,0.6
88.0,4.719,-0.721,63.4,8.52,0.03,23.86,20.46,116.2,0.6
89.0,4.742,-0.712,63.3,8.55,0.02,23.85,20.46,116.2,0.6
90.0,4.756,-0.718,63.3,8.56,0.02,23.86,20.46,116.2,0.6
91.0,4.785,-0.727,63.3,8.6,0.03,23.85,20.46,116.2,0.6
92.0,4.82,-0.741,63.3,8.63,0.04,23.84,20.46,116.2,0.6
93.0,4.839,-0.744,63.3,8.65,0.02,23.84,20.46,116.2,0.6
94.0,4.836,-0.722,63.3,8.67,0.02,23.86,20.46,116.2,0.6
95.0,4.848,-0.748,63.3,8.7,0.03,23.85,20.46,116.2,0.6
96.0,4.889,-0.735,63.3,8.75,0.04,23.85,20.46,116.2,0.6
97.0,4.864,-0.735,63.3,8.77,0.03,23.84,20.46,116.2,0.6
98.0,4.862,-0.751,63.3,8.79,0.02,23.84,20.46,116.2,0.6
99.0,4.87,-0.761,63.3,8.8,0.01,23.85,20.46,116.2,0.6
100.0,4.88,-0.732,63.4,8.83,0.03,23.85,20.46,116.2,0.6
101.0,4.853,-0.725,63.3,8.86,0.03,23.88,20.46,116.2,0.6
102.0,4.861,-0.728,63.3,8.87,0.01,23.93,20.46,116.2,0.6
103.0,4.885,-0.731,63.3,8.89,0.02,23.98,20.46,116.2,0.6
104.0,4.886,-0.738,63.3,8.9,0.01,23.98,20.46,116.2,0.6
105.0,4.892,-0.729,63.3,8.91,0.01,23.99,20.46,116.2,0.6
106.0,4.883,-0.758,63.3,8.94,0.03,24.02,20.46,116.2,0.6
107.0,4.881,-0.783,63.3,8.96,0.03,24.02,20.46,116.2,0.6
108.0,4.916,-0.782,63.2,9.0,0.03,24.01,20.46,116.2,0.6
109.0,4.937,-0.773,63.2,9.02,0.02,24.01,20.46,116.2,0.6
110.0,4.925,-0.776,63.2,9.03,0.01,24.0,20.46,116.2,0.6
111.0,4.917,-0.781,63.2,9.04,0.01,24.01,20.46,116.2,0.6
112.0,4.913,-0.776,63.2,9.05,0.01,24.01,20.46,116.2,0.6
113.0,4.905,-0.769,63.2,9.06,0.01,24.02,20.46,116.2,0.6
114.0,4.898,-0.77,63.2,9.07,0.01,23.99,20.46,116.2,0.6
115.0,4.894,-0.775,63.2,9.07,0.01,23.97,20.46,116.2,0.6
116.0,4.905,-0.759,63.2,9.09,0.02,23.97,20.46,116.2,0.6
117.0,4.87,-0.758,63.2,9.13,0.03,23.97,20.46,116.2,0.6
118.0,4.87,-0.77,63.2,9.14,0.01,23.96,20.46,116.2,0.6
119.0,4.855,-0.744,63.2,9.17,0.03,23.96,20.46,116.2,0.6
120.0,4.871,-0.744,63.1,9.18,0.02,23.94,20.46,116.2,0.6
121.0,4.738,-1.027,62.9,9.5,0.31,24.0,20.46,116.2,0.6
122.0,4.384,-1.568,61.2,10.14,0.65,24.4,20.46,116.2,0.6
123.0,4.26,-1.771,97.0,10.38,0.24,24.56,20.59,118.9,0.6
124.0,3.994,-1.749,130.6,10.65,0.27,24.61,20.59,118.9,0.6
125.0,3.987,-1.77,130.6,10.67,0.02,24.8,20.84,122.7,0.6
126.0,3.97,-1.816,129.9,10.72,0.05,24.72,20.84,122.7,0.6
127.0,3.979,-1.879,129.4,10.78,0.06,24.72,20.84,122.7,0.6
128.0,3.986,-1.935,129.2,10.84,0.06,24.79,20.84,122.7,0.6
129.0,3.994,-1.953,129.1,10.86,0.02,24.79,20.84,122.7,0.6
130.0,3.98,-1.934,129.0,10.88,0.02,24.77,20.84,122.7,0.6
131.0,3.965,-1.922,128.9,10.9,0.02,24.71,20.84,122.7,0.6
132.0,3.97,-1.908,128.8,10.92,0.01,24.68,20.84,122.7,0.6
133.0,3.978,-1.869,128.8,10.96,0.04,24.67,20.84,122.7,0.6
134.0,3.993,-1.849,128.8,10.98,0.03,24.64,20.84,122.7,0.6
135.0,4.01,-1.83,128.8,11.01,0.03,24.65,20.84,122.7,0.6
136.0,4.008,-1.821,128.8,11.02,0.01,24.64,20.84,122.7,0.6
137.0,4.014,-1.846,128.8,11.04,0.03,24.64,20.84,122.7,0.6
138.0,4.015,-1.858,128.8,11.05,0.01,24.64,20.84,122.7,0.6
139.0,4.001,-1.857,128.8,11.07,0.01,24.61,20.84,122.7,0.6
140.0,4.006,-1.857,128.8,11.07,0.0,24.59,20.84,122.7,0.6
141.0,4.03,-1.832,128.7,11.11,0.03,24.66,20.84,122.7,0.6
142.0,4.051,-1.788,128.7,11.16,0.05,24.67,20.84,122.7,0.6
143.0,4.057,-1.804,128.7,11.17,0.02,24.66,20.84,122.7,0.6
144.0,4.036,-1.817,128.8,11.2,0.02,24.61,20.84,122.7,0.6
145.0,4.026,-1.808,128.7,11.21,0.01,24.61,20.84,122.7,0.6
146.0,4.026,-1.817,128.7,11.22,0.01,24.6,20.84,122.7,0.6
147.0,4.027,-1.832,128.7,11.24,0.01,24.6,20.84,122.7,0.6
148.0,4.031,-1.796,128.7,11.27,0.04,24.59,20.84,122.7,0.6
149.0,3.985,-1.782,128.7,11.32,0.05,24.55,20.84,122.7,0.6
150.0,3.985,-1.789,128.7,11.33,0.01,24.55,20.84,122.7,0.6
151.0,3.992,-1.782,128.7,11.34,0.01,24.54,20.84,122.7,0.6
152.0,3.981,-1.793,128.7,11.35,0.02,24.57,20.84,122.7,0.6
153.0,3.988,-1.799,128.7,11.36,0.01,24.56,20.84,122.7,0.6
154.0,3.992,-1.799,128.7,11.36,0.0,24.58,20.84,122.7,0.6
155.0,3.976,-1.808,128.7,11.38,0.02,24.56,20.84,122.7,0.6
156.0,3.977,-1.818,128.6,11.39,0.01,24.56,20.84,122.7,0.6
157.0,3.979,-1.813,128.6,11.4,0.01,24.54,20.84,122.7,0.6
158.0,3.944,-1.791,128.6,11.44,0.04,24.56,20.84,122.7,0.6
159.0,3.938,-1.807,128.6,11.46,0.02,24.56,20.84,122.7,0.6
160.0,3.94,-1.831,128.6,11.48,0.02,24.59,20.84,122.7,0.6
161.0,3.954,-1.825,128.6,11.5,0.01,24.63,20.84,122.7,0.6
162.0,3.959,-1.83,128.6,11.5,0.01,24.63,20.84,122.7,0.6
163.0,3.962,-1.825,128.6,11.51,0.01,24.66,20.84,122.7,0.6
164.0,3.97,-1.794,128.6,11.54,0.03,24.63,20.84,122.7,0.6
165.0,3.981,-1.779,128.6,11.56,0.02,24.62,20.84,122.7,0.6
166.0,3.973,-1.774,128.5,11.57,0.01,24.62,20.84,122.7,0.6
167.0,4.063,-1.86,128.3,11.69,0.12,24.7,20.84,122.7,0.6
168.0,4.362,-2.245,128.0,12.18,0.49,25.05,20.84,122.7,0.6
169.0,4.63,-2.563,149.8,12.6,0.42,25.55,20.95,125.4,0.6
170.0,4.626,-2.606,-166.3,12.64,0.04,25.6,20.95,125.4,0.6
171.0,4.371,-2.759,-162.2,12.94,0.3,25.76,21.24,130.1,0.7
172.0,4.381,-2.772,-163.0,12.95,0.02,25.8,21.24,130.1,0.7
173.0,4.374,-2.796,-163.5,12.98,0.02,25.73,21.24,130.1,0.7
174.0,4.37,-2.801,-163.8,12.98,0.01,25.68,21.24,130.1,0.7
175.0,4.399,-2.815,-163.9,13.02,0.03,25.82,21.24,130.1,0.7
176.0,4.404,-2.796,-164.0,13.04,0.02,25.79,21.24,130.1,0.7
177.0,4.395,-2.793,-164.1,13.05,0.01,25.76,21.24,130.1,0.7
178.0,4.388,-2.79,-164.2,13.05,0.01,25.77,21.24,130.1,0.7
179.0,4.38,-2.772,-164.2,13.07,0.02,25.77,21.24,130.1,0.7
180.0,4.361,-2.795,-164.2,13.1,0.03,25.77,21.24,130.1,0.7
181.0,4.333,-2.791,-164.2,13.13,0.03,25.76,21.24,130.1,0.7
182.0,4.33,-2.767,-164.2,13.16,0.02,25.75,21.24,130.1,0.7
183.0,4.324,-2.77,-164.3,13.16,0.01,25.73,21.24,130.1,0.7
184.0,4.325,-2.774,-164.3,13.17,0.0,25.71,21.24,130.1,0.7
185.0,4.342,-2.766,-164.3,13.18,0.02,25.72,21.24,130.1,0.7
186.0,4.36,-2.757,-164.3,13.2,0.02,25.71,21.24,130.1,0.7
187.0,4.36,-2.76,-164.3,13.21,0.0,25.73,21.24,130.1,0.7
188.0,4.362,-2.763,-164.3,13.21,0.0,25.72,21.24,130.1,0.7
189.0,4.357,-2.772,-164.3,13.22,0.01,25.74,21.24,130.1,0.7
190.0,4.351,-2.773,-164.3,13.23,0.01,25.73,21.24,130.1,0.7
191.0,4.33,-2.776,-164.3,13.25,0.02,25.74,21.24,130.1,0.7
192.0,4.35,-2.768,-164.3,13.27,0.02,25.72,21.24,130.1,0.7
193.0,4.359,-2.772,-164.3,13.28,0.01,25.71,21.24,130.1,0.7
194.0,4.365,-2.762,-164.3,13.29,0.01,25.67,21.24,130.1,0.7
195.0,4.366,-2.737,-164.3,13.32,0.03,25.69,21.24,130.1,0.7
196.0,4.381,-2.719,-164.3,13.34,0.02,25.67,21.24,130.1,0.7
197.0,4.381,-2.721,-164.3,13.34,0.0,25.64,21.24,130.1,0.7
198.0,4.373,-2.711,-164.3,13.35,0.01,25.64,21.24,130.1,0.7
199.0,4.357,-2.714,-164.3,13.37,0.02,25.66,21.24,130.1,0.7
200.0,4.364,-2.713,-164.3,13.38,0.01,25.65,21.24,130.1,0.7
201.0,4.389,-2.696,-164.3,13.41,0.03,25.63,21.24,130.1,0.7
202.0,4.372,-2.693,-164.3,13.43,0.02,25.64,21.24,130.1,0.7
203.0,4.354,-2.7,-164.3,13.44,0.02,25.67,21.24,130.1,0.7
204.0,4.331,-2.706,-164.3,13.47,0.02,25.68,21.24,130.1,0.7
205.0,4.327,-2.722,-164.3,13.48,0.02,25.71,21.24,130.1,0.7
206.0,4.344,-2.76,-164.3,13.53,0.04,25.72,21.24,130.1,0.7
207.0,4.334,-2.774,-164.3,13.54,0.02,25.71,21.24,130.1,0.7
208.0,4.327,-2.771,-164.3,13.55,0.01,25.71,21.24,130.1,0.7
209.0,4.34,-2.763,-164.3,13.57,0.02,25.7,21.24,130.1,0.7
210.0,4.342,-2.763,-164.3,13.57,0.0,25.68,21.24,130.1,0.7
211.0,4.35,-2.759,-164.3,13.58,0.01,25.7,21.24,130.1,0.7
212.0,4.352,-2.744,-164.4,13.59,0.02,25.68,21.24,130.1,0.7
213.0,4.36,-2.743,-164.4,13.6,0.01,25.68,21.24,130.1,0.7
214.0,4.36,-2.733,-164.4,13.61,0.01,25.69,21.24,130.1,0.7
215.0,4.375,-2.747,-164.4,13.63,0.02,25.7,21.24,130.1,0.7
216.0,4.388,-2.764,-164.4,13.65,0.02,25.69,21.24,130.1,0.7
217.0,4.404,-2.745,-164.4,13.68,0.02,25.69,21.24,130.1,0.7
218.0,4.41,-2.736,-164.4,13.69,0.01,25.68,21.24,130.1,0.7
219.0,4.426,-2.754,-164.4,13.71,0.02,25.7,21.24,130.1,0.7
220.0,4.438,-2.769,-164.4,13.73,0.02,25.7,21.24,130.1,0.7
221.0,4.448,-2.753,-164.4,13.75,0.02,25.71,21.24,130.1,0.7
222.0,4.453,-2.774,-164.4,13.77,0.02,25.72,21.24,130.1,0.7
223.0,4.458,-2.789,-164.4,13.79,0.02,25.74,21.24,130.1,0.7
224.0,4.455,-2.786,-164.4,13.79,0.0,25.75,21.24,130.1,0.7
225.0,4.455,-2.786,-164.4,13.79,0.0,25.77,21.24,130.1,0.7
226.0,4.436,-2.805,-164.4,13.82,0.03,25.79,21.24,130.1,0.7
227.0,4.433,-2.825,-164.4,13.84,0.02,25.81,21.24,130.1,0.7
228.0,4.423,-2.837,-164.4,13.85,0.02,25.81,21.24,130.1,0.7
229.0,4.432,-2.85,-164.4,13.87,0.02,25.78,21.24,130.1,0.7
230.0,4.432,-2.849,-164.4,13.87,0.0,25.78,21.24,130.1,0.7
231.0,4.436,-2.825,-164.4,13.89,0.02,25.74,21.24,130.1,0.7
232.0,4.434,-2.791,-164.4,13.93,0.03,25.74,21.24,130.1,0.7
233.0,4.431,-2.797,-164.4,13.93,0.01,25.75,21.24,130.1,0.7
234.0,4.444,-2.788,-164.4,13.95,0.02,25.74,21.24,130.1,0.7
235.0,4.436,-2.804,-164.4,13.97,0.02,25.74,21.24,130.1,0.7
236.0,4.413,-2.82,-164.4,14.0,0.03,25.77,21.24,130.1,0.7
237.0,4.477,-2.789,-164.4,14.07,0.07,25.73,21.24,130.1,0.7
238.0,4.466,-2.788,-164.4,14.08,0.01,25.72,21.24,130.1,0.7
239.0,4.45,-2.792,-164.4,14.09,0.02,25.71,21.24,130.1,0.7
240.0,4.405,-2.728,-162.4,14.17,0.08,25.86,21.24,130.1,0.7
241.0,2.517,-2.021,-145.1,16.19,2.02,25.01,21.24,130.1,0.7
242.0,-0.579,-0.505,-99.3,19.64,3.45,23.13,21.24,130.1,0.7
243.0,-1.088,-0.264,-46.0,20.2,0.56,22.22,13.73,158.9,1.0
244.0,-1.751,0.041,-18.9,20.93,0.73,21.77,13.73,158.9,1.0
245.0,-2.134,0.388,-11.0,21.44,0.52,21.51,15.12,174.9,1.1
246.0,-2.258,0.462,-14.0,21.59,0.14,21.43,15.12,174.9,1.1
247.0,-2.299,0.48,-13.0,21.63,0.04,21.37,15.55,180.0,1.2
248.0,-2.297,0.509,-13.2,21.66,0.03,21.37,15.55,180.0,1.2
249.0,-2.293,0.49,-13.1,21.68,0.02,21.38,15.55,180.0,1.2
250.0,-2.274,0.483,-13.1,21.7,0.02,21.37,15.55,180.0,1.2
251.0,-2.262,0.488,-13.1,21.71,0.01,21.4,15.55,180.0,1.2
252.0,-2.273,0.488,-13.1,21.73,0.01,21.42,15.55,180.0,1.2
253.0,-2.29,0.463,-13.1,21.76,0.03,21.44,15.55,180.0,1.2
254.0,-2.291,0.462,-13.1,21.76,0.0,21.45,15.55,180.0,1.2
255.0,-2.292,0.454,-13.1,21.77,0.01,21.44,15.55,180.0,1.2
256.0,-2.282,0.439,-13.1,21.78,0.02,21.44,15.55,180.0,1.2
257.0,-2.272,0.438,-13.2,21.79,0.01,21.45,15.55,180.0,1.2
258.0,-2.288,0.435,-13.3,21.81,0.02,21.43,15.55,180.0,1.2
259.0,-2.282,0.443,-13.4,21.82,0.01,21.43,15.55,180.0,1.2
260.0,-2.27,0.444,-13.4,21.83,0.01,21.44,15.55,180.0,1.2
261.0,-2.249,0.456,-13.5,21.86,0.02,21.44,15.55,180.0,1.2
262.0,-2.261,0.453,-13.6,21.87,0.01,21.44,15.55,180.0,1.2
263.0,-2.275,0.441,-13.6,21.89,0.02,21.43,15.55,180.0,1.2
264.0,-2.288,0.425,-13.7,21.91,0.02,21.43,15.55,180.0,1.2
265.0,-2.286,0.446,-13.8,21.93,0.02,21.43,15.55,180.0,1.2
266.0,-2.279,0.452,-13.8,21.94,0.01,21.44,15.55,180.0,1.2
267.0,-2.29,0.442,-13.9,21.95,0.01,21.44,15.55,180.0,1.2
268.0,-2.289,0.441,-13.9,21.95,0.0,21.45,15.55,180.0,1.2
269.0,-2.284,0.46,-14.0,21.97,0.02,21.43,15.55,180.0,1.2
270.0,-2.281,0.459,-14.1,21.98,0.0,21.44,15.55,180.0,1.2
271.0,-2.281,0.452,-14.1,21.98,0.01,21.43,15.55,180.0,1.2
272.0,-2.28,0.449,-14.2,21.99,0.0,21.43,15.55,180.0,1.2
273.0,-2.295,0.453,-14.2,22.0,0.01,21.44,15.55,180.0,1.2
274.0,-2.295,0.473,-14.3,22.02,0.02,21.42,15.55,180.0,1.2
275.0,-2.296,0.47,-14.3,22.02,0.0,21.44,15.55,180.0,1.2
276.0,-2.296,0.481,-14.4,22.04,0.01,21.44,15.55,180.0,1.2
277.0,-2.273,0.487,-14.4,22.06,0.02,21.45,15.55,180.0,1.2
278.0,-2.253,0.464,-14.5,22.09,0.03,21.43,15.55,180.0,1.2
279.0,-2.257,0.438,-14.5,22.12,0.03,21.44,15.55,180.0,1.2
280.0,-2.262,0.436,-14.6,22.12,0.01,21.45,15.55,180.0,1.2
281.0,-2.258,0.443,-14.6,22.13,0.01,21.42,15.55,180.0,1.2
