shot,frame_index,frame_file,drawn,family,confidence,bbox_x0,bbox_y0,bbox_x1,bbox_y1,shot_kind,defect_id,standoff_m,cam_xyz,sim_time_window,inference_s
beat1_DEFECT_SPALL_007,0,f0000.png,False,SPALL_DELAM,0.9852,682.7,309.8,1195.6,723.8,real,DEFECT_SPALL_007,7.415,98.639;2.651;7.609,902.4;910.4,0.109
beat1_DEFECT_SPALL_007,1,f0001.png,False,SPALL_DELAM,0.9862,692.7,328.6,1193.9,726.4,real,DEFECT_SPALL_007,7.415,98.639;2.651;7.609,902.4;910.4,0.2273
beat1_DEFECT_SPALL_007,2,f0002.png,False,SPALL_DELAM,0.9857,690.3,328.3,1193.9,727.0,real,DEFECT_SPALL_007,7.415,98.639;2.651;7.609,902.4;910.4,0.2285
beat1_DEFECT_SPALL_007,3,f0003.png,False,SPALL_DELAM,0.9856,683.9,310.4,1195.8,722.2,real,DEFECT_SPALL_007,7.415,98.639;2.651;7.609,902.4;910.4,0.1941
beat1_DEFECT_SPALL_007,4,f0004.png,False,SPALL_DELAM,0.9856,691.0,328.2,1193.5,726.0,real,DEFECT_SPALL_007,7.415,98.639;2.651;7.609,902.4;910.4,0.1415
beat1_DEFECT_SPALL_007,5,f0005.png,False,SPALL_DELAM,0.9854,689.4,345.5,1162.1,709.5,real,DEFECT_SPALL_007,7.415,98.639;2.651;7.609,902.4;910.4,0.2105
beat1_DEFECT_SPALL_007,6,f0006.png,False,SPALL_DELAM,0.9852,687.2,346.9,1162.2,708.3,real,DEFECT_SPALL_007,7.415,98.639;2.651;7.609,902.4;910.4,0.2177
beat1_DEFECT_SPALL_007,7,f0007.png,False,SPALL_DELAM,0.9865,689.7,330.5,1192.9,724.5,real,DEFECT_SPALL_007,7.415,98.639;2.651;7.609,902.4;910.4,0.1297
beat1_DEFECT_SPALL_007,8,f0008.png,False,SPALL_DELAM,0.9864,689.9,329.5,1193.3,725.3,real,DEFECT_SPALL_007,7.415,98.639;2.651;7.609,902.4;910.4,0.1618
beat1_DEFECT_SPALL_007,9,f0009.png,False,SPALL_DELAM,0.9866,689.7,329.8,1193.8,724.1,real,DEFECT_SPALL_007,7.415,98.639;2.651;7.609,902.4;910.4,0.1099
beat1_DEFECT_SPALL_007,10,f0010.png,False,SPALL_DELAM,0.9861,689.0,331.0,1194.0,723.5,real,DEFECT_SPALL_007,7.415,98.639;2.651;7.609,902.4;910.4,0.1334
beat1_DEFECT_SPALL_007,11,f0011.png,False,SPALL_DELAM,0.9867,690.6,330.2,1192.8,725.0,real,DEFECT_SPALL_007,7.415,98.639;2.651;7.609,902.4;910.4,0.1162
beat1_DEFECT_SPALL_007,12,f0012.png,False,SPALL_DELAM,0.9866,691.5,347.1,1164.3,708.6,real,DEFECT_SPALL_007,7.415,98.639;2.651;7.609,902.4;910.4,0.1483
beat1_DEFECT_SPALL_007,13,f0013.png,False,SPALL_DELAM,0.9863,689.9,330.4,1193.0,724.6,real,DEFECT_SPALL_007,7.415,98.639;2.651;7.609,902.4;910.4,0.1697
beat1_DEFECT_SPALL_007,14,f0014.png,False,SPALL_DELAM,0.9861,689.8,330.8,1192.8,724.2,real,DEFECT_SPALL_007,7.415,98.639;2.651;7.609,902.4;910.4,0.1088
beat1_DEFECT_SPALL_007,15,f0015.png,False,SPALL_DELAM,0.9867,690.8,330.7,1194.0,723.5,real,DEFECT_SPALL_007,7.415,98.639;2.651;7.609,902.4;910.4,0.1178
beat1_DEFECT_SPALL_007,16,f0016.png,False,SPALL_DELAM,0.9848,692.0,348.4,1164.2,712.4,real,DEFECT_SPALL_007,7.415,98.639;2.651;7.609,902.4;910.4,0.1124
beat1_DEFECT_SPALL_007,17,f0017.png,False,SPALL_DELAM,0.9862,691.5,331.7,1192.6,723.2,real,DEFECT_SPALL_007,7.415,98.639;2.651;7.609,902.4;910.4,0.1428
beat1_DEFECT_SPALL_007,18,f0018.png,False,SPALL_DELAM,0.9868,688.6,332.0,1192.8,723.9,real,DEFECT_SPALL_007,7.415,98.639;2.651;7.609,902.4;910.4,0.1204
beat1_DEFECT_SPALL_007,19,f0019.png,False,SPALL_DELAM,0.9867,691.2,332.4,1193.0,723.2,real,DEFECT_SPALL_007,7.415,98.639;2.651;7.609,902.4;910.4,0.1405
beat1_DEFECT_SPALL_007,20,f0020.png,False,SPALL_DELAM,0.987,692.7,346.4,1163.0,708.4,real,DEFECT_SPALL_007,7.415,98.639;2.651;7.609,902.4;910.4,0.1161
beat1_DEFECT_SPALL_007,21,f0021.png,False,SPALL_DELAM,0.9868,691.2,332.8,1193.3,723.8,real,DEFECT_SPALL_007,7.415,98.639;2.651;7.609,902.4;910.4,0.1107
beat1_DEFECT_SPALL_007,22,f0022.png,False,SPALL_DELAM,0.9878,691.0,334.1,1191.6,724.2,real,DEFECT_SPALL_007,7.415,98.639;2.651;7.609,902.4;910.4,0.1326
beat1_DEFECT_SPALL_007,23,f0023.png,False,SPALL_DELAM,0.9875,691.9,346.7,1163.2,708.5,real,DEFECT_SPALL_007,7.415,98.639;2.651;7.609,902.4;910.4,0.104
beat1_DEFECT_SPALL_007,24,f0024.png,False,SPALL_DELAM,0.9865,692.2,331.9,1194.2,722.4,real,DEFECT_SPALL_007,7.415,98.639;2.651;7.609,902.4;910.4,0.113
beat1_DEFECT_SPALL_007,25,f0025.png,False,SPALL_DELAM,0.9866,694.0,332.2,1194.6,722.2,real,DEFECT_SPALL_007,7.415,98.639;2.651;7.609,902.4;910.4,0.1087
beat1_DEFECT_SPALL_007,26,f0026.png,False,SPALL_DELAM,0.9868,692.1,347.0,1163.3,708.2,real,DEFECT_SPALL_007,7.415,98.639;2.651;7.609,902.4;910.4,0.1238
beat1_DEFECT_SPALL_007,27,f0027.png,False,SPALL_DELAM,0.9877,692.7,333.6,1192.5,723.5,real,DEFECT_SPALL_007,7.415,98.639;2.651;7.609,902.4;910.4,0.1113
beat1_DEFECT_SPALL_007,28,f0028.png,False,SPALL_DELAM,0.9867,693.2,346.8,1163.7,708.4,real,DEFECT_SPALL_007,7.415,98.639;2.651;7.609,902.4;910.4,0.1105
beat1_DEFECT_SPALL_007,29,f0029.png,False,SPALL_DELAM,0.986,688.3,332.7,1193.2,723.6,real,DEFECT_SPALL_007,7.415,98.639;2.651;7.609,902.4;910.4,0.1037
beat1_DEFECT_SPALL_007,30,f0030.png,False,SPALL_DELAM,0.987,692.1,347.1,1163.8,709.1,real,DEFECT_SPALL_007,7.415,98.639;2.651;7.609,902.4;910.4,0.1147
beat1_DEFECT_SPALL_007,31,f0031.png,False,SPALL_DELAM,0.9869,693.1,332.5,1193.1,722.4,real,DEFECT_SPALL_007,7.415,98.639;2.651;7.609,902.4;910.4,0.1139
beat1_DEFECT_SPALL_007,32,f0032.png,False,SPALL_DELAM,0.9871,688.8,332.0,1194.3,723.0,real,DEFECT_SPALL_007,7.415,98.639;2.651;7.609,902.4;910.4,0.1287
beat1_DEFECT_SPALL_007,33,f0033.png,False,SPALL_DELAM,0.9867,692.9,348.3,1163.9,709.6,real,DEFECT_SPALL_007,7.415,98.639;2.651;7.609,902.4;910.4,0.2555
beat1_DEFECT_SPALL_007,34,f0034.png,False,SPALL_DELAM,0.9874,692.2,332.8,1194.6,722.7,real,DEFECT_SPALL_007,7.415,98.639;2.651;7.609,902.4;910.4,0.2392
beat1_DEFECT_SPALL_007,35,f0035.png,False,SPALL_DELAM,0.9873,688.5,332.3,1192.4,724.2,real,DEFECT_SPALL_007,7.415,98.639;2.651;7.609,902.4;910.4,0.1303
beat1_DEFECT_SPALL_007,36,f0036.png,False,SPALL_DELAM,0.9897,684.6,332.9,1191.5,725.4,real,DEFECT_SPALL_007,7.415,98.639;2.651;7.609,902.4;910.4,0.1581
beat1_DEFECT_SPALL_007,37,f0037.png,False,SPALL_DELAM,0.9867,693.8,348.0,1164.1,711.3,real,DEFECT_SPALL_007,7.415,98.639;2.651;7.609,902.4;910.4,0.1265
beat1_DEFECT_SPALL_007,38,f0038.png,False,SPALL_DELAM,0.9877,685.4,332.4,1191.5,724.3,real,DEFECT_SPALL_007,7.415,98.639;2.651;7.609,902.4;910.4,0.1613
beat1_DEFECT_SPALL_007,39,f0039.png,False,SPALL_DELAM,0.9869,689.6,332.1,1192.6,721.8,real,DEFECT_SPALL_007,7.415,98.639;2.651;7.609,902.4;910.4,0.1043
beat1_DEFECT_SPALL_007,40,f0040.png,False,SPALL_DELAM,0.985,693.5,347.3,1164.8,706.3,real,DEFECT_SPALL_007,7.415,98.639;2.651;7.609,902.4;910.4,0.1356
beat1_DEFECT_SPALL_007,41,f0041.png,False,SPALL_DELAM,0.9854,690.3,347.9,1163.0,706.4,real,DEFECT_SPALL_007,7.415,98.639;2.651;7.609,902.4;910.4,0.1073
beat1_DEFECT_SPALL_007,42,f0042.png,False,SPALL_DELAM,0.9872,688.9,347.1,1163.7,703.3,real,DEFECT_SPALL_007,7.415,98.639;2.651;7.609,902.4;910.4,0.1093
beat1_DEFECT_SPALL_007,43,f0043.png,False,SPALL_DELAM,0.9873,685.5,348.7,1162.8,700.3,real,DEFECT_SPALL_007,7.415,98.639;2.651;7.609,902.4;910.4,0.134
beat1_DEFECT_SPALL_007,44,f0044.png,False,SPALL_DELAM,0.9866,684.7,347.3,1161.3,701.7,real,DEFECT_SPALL_007,7.415,98.639;2.651;7.609,902.4;910.4,0.1193
beat1_DEFECT_SPALL_007,45,f0045.png,False,SPALL_DELAM,0.9851,680.3,346.7,1162.3,700.6,real,DEFECT_SPALL_007,7.415,98.639;2.651;7.609,902.4;910.4,0.1775
beat1_DEFECT_SPALL_007,46,f0046.png,False,SPALL_DELAM,0.983,681.6,345.9,1161.6,702.0,real,DEFECT_SPALL_007,7.415,98.639;2.651;7.609,902.4;910.4,0.1002
beat1_DEFECT_SPALL_007,47,f0047.png,False,SPALL_DELAM,0.9829,682.1,347.0,1159.5,701.4,real,DEFECT_SPALL_007,7.415,98.639;2.651;7.609,902.4;910.4,0.1161
beat1_DEFECT_SPALL_007,48,f0048.png,True,SPALL_DELAM,0.9835,679.5,347.6,1157.8,701.2,real,DEFECT_SPALL_007,7.415,98.639;2.651;7.609,902.4;910.4,0.1091
beat1_DEFECT_SPALL_007,49,f0049.png,True,SPALL_DELAM,0.9829,682.5,346.5,1159.5,702.0,real,DEFECT_SPALL_007,7.415,98.639;2.651;7.609,902.4;910.4,0.1522
beat1_DEFECT_SPALL_007,50,f0050.png,True,SPALL_DELAM,0.9848,682.5,347.8,1160.8,700.8,real,DEFECT_SPALL_007,7.415,98.639;2.651;7.609,902.4;910.4,0.1034
beat1_DEFECT_SPALL_007,51,f0051.png,True,SPALL_DELAM,0.9851,678.1,344.2,1159.3,698.7,real,DEFECT_SPALL_007,7.415,98.639;2.651;7.609,902.4;910.4,0.1122
beat1_DEFECT_SPALL_007,52,f0052.png,True,SPALL_DELAM,0.9848,676.4,345.5,1159.6,697.2,real,DEFECT_SPALL_007,7.415,98.639;2.651;7.609,902.4;910.4,0.1126
beat1_DEFECT_SPALL_007,53,f0053.png,True,SPALL_DELAM,0.9838,676.1,344.0,1162.4,696.7,real,DEFECT_SPALL_007,7.415,98.639;2.651;7.609,902.4;910.4,0.1423
beat1_DEFECT_SPALL_007,54,f0054.png,True,SPALL_DELAM,0.9846,673.5,345.4,1161.3,697.4,real,DEFECT_SPALL_007,7.415,98.639;2.651;7.609,902.4;910.4,0.1084
beat1_DEFECT_SPALL_007,55,f0055.png,True,SPALL_DELAM,0.984,671.2,347.0,1160.4,696.1,real,DEFECT_SPALL_007,7.415,98.639;2.651;7.609,902.4;910.4,0.1174
beat1_DEFECT_SPALL_007,56,f0056.png,True,SPALL_DELAM,0.9804,664.3,326.2,1190.5,723.9,real,DEFECT_SPALL_007,7.415,98.639;2.651;7.609,902.4;910.4,0.1095
beat1_DEFECT_SPALL_007,57,f0057.png,True,SPALL_DELAM,0.9762,661.9,324.3,1191.3,725.9,real,DEFECT_SPALL_007,7.415,98.639;2.651;7.609,902.4;910.4,0.1386
beat1_DEFECT_SPALL_007,58,f0058.png,True,SPALL_DELAM,0.9771,673.9,326.4,1191.0,726.5,real,DEFECT_SPALL_007,7.415,98.639;2.651;7.609,902.4;910.4,0.1092
beat1_DEFECT_SPALL_007,59,f0059.png,True,SPALL_DELAM,0.9807,672.3,328.2,1191.8,725.3,real,DEFECT_SPALL_007,7.415,98.639;2.651;7.609,902.4;910.4,0.1124
beat1_DEFECT_SPALL_007,60,f0060.png,True,SPALL_DELAM,0.9882,669.4,342.7,1170.4,696.2,real,DEFECT_SPALL_007,7.415,98.639;2.651;7.609,902.4;910.4,0.1056
beat1_DEFECT_SPALL_007,61,f0061.png,True,SPALL_DELAM,0.9899,669.7,343.0,1173.7,698.0,real,DEFECT_SPALL_007,7.415,98.639;2.651;7.609,902.4;910.4,0.1407
beat1_DEFECT_SPALL_007,62,f0062.png,True,SPALL_DELAM,0.991,665.4,341.8,1173.7,699.9,real,DEFECT_SPALL_007,7.415,98.639;2.651;7.609,902.4;910.4,0.1031
beat1_DEFECT_SPALL_007,63,f0063.png,True,SPALL_DELAM,0.9905,663.0,340.9,1170.5,699.8,real,DEFECT_SPALL_007,7.415,98.639;2.651;7.609,902.4;910.4,0.1208
beat1_DEFECT_SPALL_007,64,f0064.png,True,SPALL_DELAM,0.9902,660.2,339.3,1171.0,699.9,real,DEFECT_SPALL_007,7.415,98.639;2.651;7.609,902.4;910.4,0.1225
beat1_DEFECT_SPALL_007,65,f0065.png,True,SPALL_DELAM,0.9908,657.9,339.8,1169.1,701.4,real,DEFECT_SPALL_007,7.415,98.639;2.651;7.609,902.4;910.4,0.1955
beat1_DEFECT_SPALL_007,66,f0066.png,True,SPALL_DELAM,0.9909,657.4,338.5,1170.8,699.0,real,DEFECT_SPALL_007,7.415,98.639;2.651;7.609,902.4;910.4,0.1932
beat1_DEFECT_SPALL_007,67,f0067.png,True,SPALL_DELAM,0.9908,655.1,340.2,1171.7,699.0,real,DEFECT_SPALL_007,7.415,98.639;2.651;7.609,902.4;910.4,0.1421
beat1_DEFECT_SPALL_007,68,f0068.png,True,SPALL_DELAM,0.9906,652.3,337.2,1173.5,699.4,real,DEFECT_SPALL_007,7.415,98.639;2.651;7.609,902.4;910.4,0.1504
beat1_DEFECT_SPALL_007,69,f0069.png,True,SPALL_DELAM,0.9902,651.0,336.9,1176.3,700.5,real,DEFECT_SPALL_007,7.415,98.639;2.651;7.609,902.4;910.4,0.1453
beat1_DEFECT_SPALL_007,70,f0070.png,True,SPALL_DELAM,0.9903,650.6,336.1,1175.2,701.0,real,DEFECT_SPALL_007,7.415,98.639;2.651;7.609,902.4;910.4,0.1839
beat1_DEFECT_SPALL_007,71,f0071.png,True,SPALL_DELAM,0.9889,648.4,332.5,1173.9,701.5,real,DEFECT_SPALL_007,7.415,98.639;2.651;7.609,902.4;910.4,0.1389
beat1_DEFECT_SPALL_007,72,f0072.png,True,SPALL_DELAM,0.9892,648.3,332.5,1175.1,701.3,real,DEFECT_SPALL_007,7.415,98.639;2.651;7.609,902.4;910.4,0.1131
beat1_DEFECT_SPALL_007,73,f0073.png,True,SPALL_DELAM,0.9906,648.3,330.4,1173.6,704.9,real,DEFECT_SPALL_007,7.415,98.639;2.651;7.609,902.4;910.4,0.1211
beat1_DEFECT_SPALL_007,74,f0074.png,True,SPALL_DELAM,0.9901,647.2,331.1,1177.1,702.6,real,DEFECT_SPALL_007,7.415,98.639;2.651;7.609,902.4;910.4,0.1131
beat1_DEFECT_SPALL_007,75,f0075.png,True,SPALL_DELAM,0.9835,657.5,310.0,1180.9,716.2,real,DEFECT_SPALL_007,7.415,98.639;2.651;7.609,902.4;910.4,0.1457
beat1_DEFECT_SPALL_007,76,f0076.png,True,SPALL_DELAM,0.98,648.5,313.2,1204.8,740.9,real,DEFECT_SPALL_007,7.415,98.639;2.651;7.609,902.4;910.4,0.1069
beat1_DEFECT_SPALL_007,77,f0077.png,True,SPALL_DELAM,0.9788,646.7,313.1,1206.9,742.4,real,DEFECT_SPALL_007,7.415,98.639;2.651;7.609,902.4;910.4,0.1215
beat1_DEFECT_SPALL_007,78,f0078.png,True,SPALL_DELAM,0.9841,652.0,306.0,1186.1,715.8,real,DEFECT_SPALL_007,7.415,98.639;2.651;7.609,902.4;910.4,0.1068
beat1_DEFECT_SPALL_007,79,f0079.png,True,SPALL_DELAM,0.9774,653.7,315.9,1186.2,722.2,real,DEFECT_SPALL_007,7.415,98.639;2.651;7.609,902.4;910.4,0.1236
beat1_DEFECT_SPALL_007,80,f0080.png,True,SPALL_DELAM,0.9869,651.5,302.1,1186.9,719.2,real,DEFECT_SPALL_007,7.415,98.639;2.651;7.609,902.4;910.4,0.1285
beat1_DEFECT_SPALL_007,81,f0081.png,True,SPALL_DELAM,0.9859,648.2,300.4,1187.9,720.2,real,DEFECT_SPALL_007,7.415,98.639;2.651;7.609,902.4;910.4,0.1095
beat1_DEFECT_SPALL_007,82,f0082.png,True,SPALL_DELAM,0.988,649.1,299.2,1190.9,722.0,real,DEFECT_SPALL_007,7.415,98.639;2.651;7.609,902.4;910.4,0.1151
beat1_DEFECT_SPALL_007,83,f0083.png,True,SPALL_DELAM,0.9883,647.6,297.9,1190.6,723.5,real,DEFECT_SPALL_007,7.415,98.639;2.651;7.609,902.4;910.4,0.1174
beat1_DEFECT_SPALL_007,84,f0084.png,True,SPALL_DELAM,0.9871,647.5,297.0,1191.2,724.6,real,DEFECT_SPALL_007,7.415,98.639;2.651;7.609,902.4;910.4,0.1399
beat1_DEFECT_SPALL_007,85,f0085.png,True,SPALL_DELAM,0.9888,645.4,297.0,1197.7,724.5,real,DEFECT_SPALL_007,7.415,98.639;2.651;7.609,902.4;910.4,0.1091
beat1_DEFECT_SPALL_007,86,f0086.png,True,SPALL_DELAM,0.9787,653.5,310.7,1198.3,727.1,real,DEFECT_SPALL_007,7.415,98.639;2.651;7.609,902.4;910.4,0.1159
beat1_DEFECT_SPALL_007,87,f0087.png,True,SPALL_DELAM,0.9885,643.8,295.3,1205.0,725.5,real,DEFECT_SPALL_007,7.415,98.639;2.651;7.609,902.4;910.4,0.1111
beat1_DEFECT_SPALL_007,88,f0088.png,True,SPALL_DELAM,0.9782,655.1,309.7,1200.6,729.0,real,DEFECT_SPALL_007,7.415,98.639;2.651;7.609,902.4;910.4,0.1353
beat1_DEFECT_SPALL_007,89,f0089.png,True,SPALL_DELAM,0.9939,648.3,302.1,1197.2,724.2,real,DEFECT_SPALL_007,7.415,98.639;2.651;7.609,902.4;910.4,0.1232
beat1_DEFECT_SPALL_007,90,f0090.png,True,SPALL_DELAM,0.9931,645.1,301.4,1198.1,724.7,real,DEFECT_SPALL_007,7.415,98.639;2.651;7.609,902.4;910.4,0.1177
beat1_DEFECT_SPALL_007,91,f0091.png,True,SPALL_DELAM,0.9939,645.8,299.3,1196.2,728.9,real,DEFECT_SPALL_007,7.415,98.639;2.651;7.609,902.4;910.4,0.1183
beat1_DEFECT_SPALL_007,92,f0092.png,True,SPALL_DELAM,0.9938,648.3,298.4,1200.5,729.3,real,DEFECT_SPALL_007,7.415,98.639;2.651;7.609,902.4;910.4,0.1073
beat1_DEFECT_SPALL_007,93,f0093.png,True,SPALL_DELAM,0.9932,647.7,296.4,1197.3,732.5,real,DEFECT_SPALL_007,7.415,98.639;2.651;7.609,902.4;910.4,0.1431
beat1_DEFECT_SPALL_007,94,f0094.png,True,SPALL_DELAM,0.9937,648.1,294.4,1198.7,734.0,real,DEFECT_SPALL_007,7.415,98.639;2.651;7.609,902.4;910.4,0.103
beat1_DEFECT_SPALL_007,95,f0095.png,True,SPALL_DELAM,0.9939,647.7,293.3,1201.0,733.6,real,DEFECT_SPALL_007,7.415,98.639;2.651;7.609,902.4;910.4,0.1222
beat1_DEFECT_SPALL_007,96,f0096.png,True,SPALL_DELAM,0.9932,650.3,290.8,1201.4,733.8,real,DEFECT_SPALL_007,7.415,98.639;2.651;7.609,902.4;910.4,0.1365
beat1_DEFECT_SPALL_007,97,f0097.png,True,SPALL_DELAM,0.9938,646.9,288.1,1200.1,736.7,real,DEFECT_SPALL_007,7.415,98.639;2.651;7.609,902.4;910.4,0.1977
beat1_DEFECT_SPALL_007,98,f0098.png,True,SPALL_DELAM,0.9939,648.7,286.8,1201.2,738.3,real,DEFECT_SPALL_007,7.415,98.639;2.651;7.609,902.4;910.4,0.2024
beat1_DEFECT_SPALL_007,99,f0099.png,True,SPALL_DELAM,0.9942,648.6,287.2,1200.3,739.5,real,DEFECT_SPALL_007,7.415,98.639;2.651;7.609,902.4;910.4,0.1596
beat1_DEFECT_SPALL_007,100,f0100.png,True,SPALL_DELAM,0.9946,647.5,288.2,1199.7,739.8,real,DEFECT_SPALL_007,7.415,98.639;2.651;7.609,902.4;910.4,0.1521
beat1_DEFECT_SPALL_007,101,f0101.png,True,SPALL_DELAM,0.9944,647.6,289.0,1202.4,738.8,real,DEFECT_SPALL_007,7.415,98.639;2.651;7.609,902.4;910.4,0.143
beat1_DEFECT_SPALL_007,102,f0102.png,True,SPALL_DELAM,0.9945,646.5,289.7,1201.7,740.0,real,DEFECT_SPALL_007,7.415,98.639;2.651;7.609,902.4;910.4,0.1651
beat1_DEFECT_SPALL_007,103,f0103.png,True,SPALL_DELAM,0.9939,647.6,289.7,1203.8,739.7,real,DEFECT_SPALL_007,7.415,98.639;2.651;7.609,902.4;910.4,0.1258
beat1_DEFECT_SPALL_007,104,f0104.png,True,SPALL_DELAM,0.9935,648.1,289.9,1207.8,739.5,real,DEFECT_SPALL_007,7.415,98.639;2.651;7.609,902.4;910.4,0.1304
beat1_DEFECT_SPALL_007,105,f0105.png,True,SPALL_DELAM,0.9931,648.1,290.0,1205.2,738.5,real,DEFECT_SPALL_007,7.415,98.639;2.651;7.609,902.4;910.4,0.1064
beat1_DEFECT_SPALL_007,106,f0106.png,True,SPALL_DELAM,0.993,647.4,290.8,1207.1,738.1,real,DEFECT_SPALL_007,7.415,98.639;2.651;7.609,902.4;910.4,0.1121
beat1_DEFECT_SPALL_007,107,f0107.png,True,SPALL_DELAM,0.9927,648.5,290.5,1206.8,737.4,real,DEFECT_SPALL_007,7.415,98.639;2.651;7.609,902.4;910.4,0.1214
beat1_DEFECT_SPALL_007,108,f0108.png,True,SPALL_DELAM,0.9932,649.1,289.9,1206.8,738.2,real,DEFECT_SPALL_007,7.415,98.639;2.651;7.609,902.4;910.4,0.1685
beat1_DEFECT_SPALL_007,109,f0109.png,True,SPALL_DELAM,0.9932,649.9,291.7,1206.6,736.6,real,DEFECT_SPALL_007,7.415,98.639;2.651;7.609,902.4;910.4,0.1088
beat1_DEFECT_SPALL_007,110,f0110.png,True,SPALL_DELAM,0.9929,649.2,292.0,1205.6,736.3,real,DEFECT_SPALL_007,7.415,98.639;2.651;7.609,902.4;910.4,0.1237
beat1_DEFECT_SPALL_007,111,f0111.png,True,SPALL_DELAM,0.9921,651.4,292.1,1206.8,736.0,real,DEFECT_SPALL_007,7.415,98.639;2.651;7.609,902.4;910.4,0.1202
beat1_DEFECT_SPALL_007,112,f0112.png,True,SPALL_DELAM,0.9925,649.2,293.9,1205.4,735.4,real,DEFECT_SPALL_007,7.415,98.639;2.651;7.609,902.4;910.4,0.119
beat1_DEFECT_SPALL_007,113,f0113.png,True,SPALL_DELAM,0.992,649.6,291.4,1207.6,735.1,real,DEFECT_SPALL_007,7.415,98.639;2.651;7.609,902.4;910.4,0.1452
beat1_DEFECT_SPALL_007,114,f0114.png,True,SPALL_DELAM,0.9921,649.0,292.2,1206.8,734.5,real,DEFECT_SPALL_007,7.415,98.639;2.651;7.609,902.4;910.4,0.1153
beat1_DEFECT_SPALL_007,115,f0115.png,True,SPALL_DELAM,0.9919,649.1,291.4,1205.7,734.6,real,DEFECT_SPALL_007,7.415,98.639;2.651;7.609,902.4;910.4,0.1564
beat1_DEFECT_SPALL_007,116,f0116.png,True,SPALL_DELAM,0.9916,649.3,292.2,1206.2,733.5,real,DEFECT_SPALL_007,7.415,98.639;2.651;7.609,902.4;910.4,0.1189
beat1_DEFECT_SPALL_007,117,f0117.png,True,SPALL_DELAM,0.9913,650.1,293.9,1205.4,732.6,real,DEFECT_SPALL_007,7.415,98.639;2.651;7.609,902.4;910.4,0.107
beat1_DEFECT_SPALL_007,118,f0118.png,True,SPALL_DELAM,0.9918,648.4,293.5,1206.8,732.8,real,DEFECT_SPALL_007,7.415,98.639;2.651;7.609,902.4;910.4,0.1541
beat1_DEFECT_SPALL_007,119,f0119.png,True,SPALL_DELAM,0.9921,649.7,292.9,1205.5,734.2,real,DEFECT_SPALL_007,7.415,98.639;2.651;7.609,902.4;910.4,0.1159
beat1_DEFECT_SPALL_007,120,f0120.png,True,SPALL_DELAM,0.9917,649.0,294.2,1206.3,732.9,real,DEFECT_SPALL_007,7.415,98.639;2.651;7.609,902.4;910.4,0.1167
beat1_DEFECT_SPALL_007,121,f0121.png,True,SPALL_DELAM,0.9919,650.1,294.0,1207.9,732.8,real,DEFECT_SPALL_007,7.415,98.639;2.651;7.609,902.4;910.4,0.1063
beat1_DEFECT_SPALL_007,122,f0122.png,True,SPALL_DELAM,0.9918,650.4,293.4,1208.0,733.7,real,DEFECT_SPALL_007,7.415,98.639;2.651;7.609,902.4;910.4,0.1157
beat1_DEFECT_SPALL_007,123,f0123.png,True,SPALL_DELAM,0.9914,649.8,294.1,1207.2,732.9,real,DEFECT_SPALL_007,7.415,98.639;2.651;7.609,902.4;910.4,0.1319
beat1_DEFECT_SPALL_007,124,f0124.png,True,SPALL_DELAM,0.9913,650.6,294.3,1206.2,732.1,real,DEFECT_SPALL_007,7.415,98.639;2.651;7.609,902.4;910.4,0.1137
beat1_DEFECT_SPALL_007,125,f0125.png,True,SPALL_DELAM,0.992,651.0,293.4,1208.1,734.1,real,DEFECT_SPALL_007,7.415,98.639;2.651;7.609,902.4;910.4,0.1194
beat1_DEFECT_SPALL_007,126,f0126.png,True,SPALL_DELAM,0.9909,651.3,294.7,1207.9,732.3,real,DEFECT_SPALL_007,7.415,98.639;2.651;7.609,902.4;910.4,0.1087
beat1_DEFECT_SPALL_007,127,f0127.png,True,SPALL_DELAM,0.9917,650.0,293.1,1205.9,734.5,real,DEFECT_SPALL_007,7.415,98.639;2.651;7.609,902.4;910.4,0.0905
beat1_DEFECT_SPALL_007,128,f0128.png,True,SPALL_DELAM,0.9916,650.4,293.4,1206.0,733.9,real,DEFECT_SPALL_007,7.415,98.639;2.651;7.609,902.4;910.4,0.0964
beat1_DEFECT_SPALL_007,129,f0129.png,True,SPALL_DELAM,0.9917,649.4,293.6,1208.5,734.3,real,DEFECT_SPALL_007,7.415,98.639;2.651;7.609,902.4;910.4,0.1874
beat1_DEFECT_SPALL_007,130,f0130.png,True,SPALL_DELAM,0.9905,650.2,294.3,1210.0,732.7,real,DEFECT_SPALL_007,7.415,98.639;2.651;7.609,902.4;910.4,0.2199
beat1_DEFECT_SPALL_007,131,f0131.png,True,SPALL_DELAM,0.9911,649.7,294.0,1209.4,733.5,real,DEFECT_SPALL_007,7.415,98.639;2.651;7.609,902.4;910.4,0.1142
beat1_DEFECT_SPALL_007,132,f0132.png,True,SPALL_DELAM,0.9913,650.8,293.6,1209.0,732.7,real,DEFECT_SPALL_007,7.415,98.639;2.651;7.609,902.4;910.4,0.1171
beat1_DEFECT_SPALL_007,133,f0133.png,True,SPALL_DELAM,0.9911,653.0,296.2,1210.1,731.4,real,DEFECT_SPALL_007,7.415,98.639;2.651;7.609,902.4;910.4,0.1983
beat1_DEFECT_SPALL_007,134,f0134.png,True,SPALL_DELAM,0.9913,653.5,297.5,1210.4,731.8,real,DEFECT_SPALL_007,7.415,98.639;2.651;7.609,902.4;910.4,0.2044
beat1_DEFECT_SPALL_007,135,f0135.png,True,SPALL_DELAM,0.9917,653.6,297.4,1210.5,731.8,real,DEFECT_SPALL_007,7.415,98.639;2.651;7.609,902.4;910.4,0.1421
beat1_DEFECT_SPALL_007,136,f0136.png,True,SPALL_DELAM,0.9921,653.5,298.1,1213.7,730.4,real,DEFECT_SPALL_007,7.415,98.639;2.651;7.609,902.4;910.4,0.1106
beat1_DEFECT_SPALL_007,137,f0137.png,True,SPALL_DELAM,0.9908,654.6,296.2,1210.1,729.2,real,DEFECT_SPALL_007,7.415,98.639;2.651;7.609,902.4;910.4,0.1152
beat1_DEFECT_SPALL_007,138,f0138.png,True,SPALL_DELAM,0.9907,655.9,296.6,1212.2,728.0,real,DEFECT_SPALL_007,7.415,98.639;2.651;7.609,902.4;910.4,0.1108
beat1_DEFECT_SPALL_007,139,f0139.png,True,SPALL_DELAM,0.9906,655.1,300.0,1210.0,725.5,real,DEFECT_SPALL_007,7.415,98.639;2.651;7.609,902.4;910.4,0.1392
beat1_DEFECT_SPALL_007,140,f0140.png,True,SPALL_DELAM,0.9912,653.8,301.7,1212.1,725.0,real,DEFECT_SPALL_007,7.415,98.639;2.651;7.609,902.4;910.4,0.108
beat1_DEFECT_SPALL_007,141,f0141.png,True,SPALL_DELAM,0.9911,654.3,302.1,1212.9,723.7,real,DEFECT_SPALL_007,7.415,98.639;2.651;7.609,902.4;910.4,0.1184
beat1_DEFECT_SPALL_007,142,f0142.png,True,SPALL_DELAM,0.9912,655.2,301.4,1212.1,723.3,real,DEFECT_SPALL_007,7.415,98.639;2.651;7.609,902.4;910.4,0.1208
beat1_DEFECT_SPALL_007,143,f0143.png,True,SPALL_DELAM,0.9899,655.1,301.4,1211.6,721.6,real,DEFECT_SPALL_007,7.415,98.639;2.651;7.609,902.4;910.4,0.1234
beat1_DEFECT_SPALL_007,144,f0144.png,True,SPALL_DELAM,0.9884,655.6,304.1,1214.6,718.3,real,DEFECT_SPALL_007,7.415,98.639;2.651;7.609,902.4;910.4,0.134
beat1_DEFECT_SPALL_007,145,f0145.png,True,SPALL_DELAM,0.9873,656.6,305.1,1215.4,716.8,real,DEFECT_SPALL_007,7.415,98.639;2.651;7.609,902.4;910.4,0.1157
beat1_DEFECT_SPALL_007,146,f0146.png,True,SPALL_DELAM,0.9858,657.2,307.1,1212.8,714.6,real,DEFECT_SPALL_007,7.415,98.639;2.651;7.609,902.4;910.4,0.1172
beat1_DEFECT_SPALL_007,147,f0147.png,True,SPALL_DELAM,0.988,655.6,309.1,1216.1,714.5,real,DEFECT_SPALL_007,7.415,98.639;2.651;7.609,902.4;910.4,0.1142
beat1_DEFECT_SPALL_007,148,f0148.png,True,SPALL_DELAM,0.9885,655.8,308.1,1217.8,713.6,real,DEFECT_SPALL_007,7.415,98.639;2.651;7.609,902.4;910.4,0.1479
beat1_DEFECT_SPALL_007,149,f0149.png,True,SPALL_DELAM,0.9887,657.0,309.5,1217.6,713.5,real,DEFECT_SPALL_007,7.415,98.639;2.651;7.609,902.4;910.4,0.1139
beat1_DEFECT_SPALL_007,150,f0150.png,True,SPALL_DELAM,0.9877,657.6,308.7,1216.4,711.8,real,DEFECT_SPALL_007,7.415,98.639;2.651;7.609,902.4;910.4,0.1173
beat1_DEFECT_SPALL_007,151,f0151.png,True,SPALL_DELAM,0.9887,655.9,308.5,1215.6,713.0,real,DEFECT_SPALL_007,7.415,98.639;2.651;7.609,902.4;910.4,0.109
beat1_DEFECT_SPALL_007,152,f0152.png,True,SPALL_DELAM,0.9881,654.8,309.9,1220.4,711.6,real,DEFECT_SPALL_007,7.415,98.639;2.651;7.609,902.4;910.4,0.1318
beat1_DEFECT_SPALL_007,153,f0153.png,True,SPALL_DELAM,0.9872,654.3,311.1,1224.0,710.0,real,DEFECT_SPALL_007,7.415,98.639;2.651;7.609,902.4;910.4,0.1232
beat1_DEFECT_SPALL_007,154,f0154.png,True,SPALL_DELAM,0.987,655.1,311.0,1222.3,711.1,real,DEFECT_SPALL_007,7.415,98.639;2.651;7.609,902.4;910.4,0.1081
beat1_DEFECT_SPALL_007,155,f0155.png,True,SPALL_DELAM,0.9874,654.0,310.5,1226.6,711.5,real,DEFECT_SPALL_007,7.415,98.639;2.651;7.609,902.4;910.4,0.1175
beat1_DEFECT_SPALL_007,156,f0156.png,True,SPALL_DELAM,0.9862,654.1,311.9,1227.8,711.2,real,DEFECT_SPALL_007,7.415,98.639;2.651;7.609,902.4;910.4,0.1085
beat1_DEFECT_SPALL_007,157,f0157.png,True,SPALL_DELAM,0.9859,650.7,313.6,1226.5,709.9,real,DEFECT_SPALL_007,7.415,98.639;2.651;7.609,902.4;910.4,0.1394
beat1_DEFECT_SPALL_007,158,f0158.png,True,SPALL_DELAM,0.9849,653.4,314.9,1230.6,708.1,real,DEFECT_SPALL_007,7.415,98.639;2.651;7.609,902.4;910.4,0.1059
beat1_DEFECT_SPALL_007,159,f0159.png,True,SPALL_DELAM,0.9832,652.8,313.8,1233.0,708.1,real,DEFECT_SPALL_007,7.415,98.639;2.651;7.609,902.4;910.4,0.1602
beat1_DEFECT_SPALL_007,160,f0160.png,True,SPALL_DELAM,0.9834,651.5,313.7,1235.5,708.9,real,DEFECT_SPALL_007,7.415,98.639;2.651;7.609,902.4;910.4,0.1181
beat1_DEFECT_SPALL_007,161,f0161.png,True,SPALL_DELAM,0.9803,653.1,315.5,1233.4,708.7,real,DEFECT_SPALL_007,7.415,98.639;2.651;7.609,902.4;910.4,0.1895
beat1_DEFECT_SPALL_007,162,f0162.png,True,SPALL_DELAM,0.9789,653.3,315.7,1232.0,707.7,real,DEFECT_SPALL_007,7.415,98.639;2.651;7.609,902.4;910.4,0.2244
beat1_DEFECT_SPALL_007,163,f0163.png,True,SPALL_DELAM,0.9809,652.7,314.5,1233.5,708.5,real,DEFECT_SPALL_007,7.415,98.639;2.651;7.609,902.4;910.4,0.2284
beat1_DEFECT_SPALL_007,164,f0164.png,True,SPALL_DELAM,0.9822,653.5,313.6,1238.6,708.7,real,DEFECT_SPALL_007,7.415,98.639;2.651;7.609,902.4;910.4,0.1565
beat1_DEFECT_SPALL_007,165,f0165.png,True,SPALL_DELAM,0.9783,652.8,316.1,1236.7,705.9,real,DEFECT_SPALL_007,7.415,98.639;2.651;7.609,902.4;910.4,0.1737
beat1_DEFECT_SPALL_007,166,f0166.png,True,SPALL_DELAM,0.9806,653.1,320.2,1241.2,704.7,real,DEFECT_SPALL_007,7.415,98.639;2.651;7.609,902.4;910.4,0.1524
beat1_DEFECT_SPALL_007,167,f0167.png,True,SPALL_DELAM,0.9802,652.5,321.3,1239.3,703.9,real,DEFECT_SPALL_007,7.415,98.639;2.651;7.609,902.4;910.4,0.152
beat1_DEFECT_SPALL_007,168,f0168.png,True,SPALL_DELAM,0.9819,652.2,323.2,1240.7,703.7,real,DEFECT_SPALL_007,7.415,98.639;2.651;7.609,902.4;910.4,0.1183
beat1_DEFECT_SPALL_007,169,f0169.png,True,SPALL_DELAM,0.9802,653.0,326.0,1242.7,702.2,real,DEFECT_SPALL_007,7.415,98.639;2.651;7.609,902.4;910.4,0.1124
beat1_DEFECT_SPALL_007,170,f0170.png,True,SPALL_DELAM,0.9797,654.3,329.4,1239.4,699.3,real,DEFECT_SPALL_007,7.415,98.639;2.651;7.609,902.4;910.4,0.121
beat1_DEFECT_SPALL_007,171,f0171.png,True,SPALL_DELAM,0.9786,654.1,329.7,1241.9,698.0,real,DEFECT_SPALL_007,7.415,98.639;2.651;7.609,902.4;910.4,0.1412
beat1_DEFECT_SPALL_007,172,f0172.png,True,SPALL_DELAM,0.9747,653.3,330.9,1243.5,699.0,real,DEFECT_SPALL_007,7.415,98.639;2.651;7.609,902.4;910.4,0.1066
beat1_DEFECT_SPALL_007,173,f0173.png,True,SPALL_DELAM,0.9696,650.8,331.1,1240.7,695.7,real,DEFECT_SPALL_007,7.415,98.639;2.651;7.609,902.4;910.4,0.1225
beat1_DEFECT_SPALL_007,174,f0174.png,True,SPALL_DELAM,0.9718,652.9,331.3,1241.4,696.6,real,DEFECT_SPALL_007,7.415,98.639;2.651;7.609,902.4;910.4,0.1116
beat1_DEFECT_SPALL_007,175,f0175.png,True,SPALL_DELAM,0.9669,653.7,335.1,1243.8,696.3,real,DEFECT_SPALL_007,7.415,98.639;2.651;7.609,902.4;910.4,0.1417
beat1_DEFECT_SPALL_007,176,f0176.png,True,SPALL_DELAM,0.9728,653.5,337.6,1247.9,696.4,real,DEFECT_SPALL_007,7.415,98.639;2.651;7.609,902.4;910.4,0.1105
beat1_DEFECT_SPALL_007,177,f0177.png,True,SPALL_DELAM,0.9688,652.4,339.7,1251.7,694.0,real,DEFECT_SPALL_007,7.415,98.639;2.651;7.609,902.4;910.4,0.1172
beat1_DEFECT_SPALL_007,178,f0178.png,True,SPALL_DELAM,0.963,655.1,342.6,1250.5,690.9,real,DEFECT_SPALL_007,7.415,98.639;2.651;7.609,902.4;910.4,0.1146
beat1_DEFECT_SPALL_007,179,f0179.png,True,SPALL_DELAM,0.9649,652.1,342.9,1248.3,690.1,real,DEFECT_SPALL_007,7.415,98.639;2.651;7.609,902.4;910.4,0.142
beat1_DEFECT_SPALL_007,180,f0180.png,True,SPALL_DELAM,0.9602,653.6,342.6,1248.3,688.9,real,DEFECT_SPALL_007,7.415,98.639;2.651;7.609,902.4;910.4,0.1283
beat1_DEFECT_SPALL_007,181,f0181.png,True,SPALL_DELAM,0.9559,658.8,346.4,1247.9,685.7,real,DEFECT_SPALL_007,7.415,98.639;2.651;7.609,902.4;910.4,0.1251
beat1_DEFECT_SPALL_007,182,f0182.png,True,SPALL_DELAM,0.951,656.1,344.3,1249.0,688.5,real,DEFECT_SPALL_007,7.415,98.639;2.651;7.609,902.4;910.4,0.1115
beat1_DEFECT_SPALL_007,183,f0183.png,True,SPALL_DELAM,0.9554,657.4,342.0,1249.9,688.8,real,DEFECT_SPALL_007,7.415,98.639;2.651;7.609,902.4;910.4,0.126
beat1_DEFECT_SPALL_007,184,f0184.png,True,SPALL_DELAM,0.9491,664.2,344.7,1252.4,686.8,real,DEFECT_SPALL_007,7.415,98.639;2.651;7.609,902.4;910.4,0.1284
beat1_DEFECT_SPALL_007,185,f0185.png,True,SPALL_DELAM,0.9462,663.3,346.4,1252.8,688.5,real,DEFECT_SPALL_007,7.415,98.639;2.651;7.609,902.4;910.4,0.1053
beat1_DEFECT_SPALL_007,186,f0186.png,True,SPALL_DELAM,0.9477,652.9,350.1,1252.4,686.0,real,DEFECT_SPALL_007,7.415,98.639;2.651;7.609,902.4;910.4,0.1152
beat1_DEFECT_SPALL_007,187,f0187.png,True,SPALL_DELAM,0.9467,654.7,351.1,1250.4,684.3,real,DEFECT_SPALL_007,7.415,98.639;2.651;7.609,902.4;910.4,0.1187
beat1_DEFECT_SPALL_007,188,f0188.png,True,SPALL_DELAM,0.8619,736.1,358.6,1242.0,692.3,real,DEFECT_SPALL_007,7.415,98.639;2.651;7.609,902.4;910.4,0.1054
beat1_DEFECT_SPALL_007,189,f0189.png,True,SPALL_DELAM,0.9091,673.2,354.9,1247.1,681.6,real,DEFECT_SPALL_007,7.415,98.639;2.651;7.609,902.4;910.4,0.1184
beat1_DEFECT_SPALL_007,190,f0190.png,True,SPALL_DELAM,0.909,665.2,365.8,1260.4,699.0,real,DEFECT_SPALL_007,7.415,98.639;2.651;7.609,902.4;910.4,0.1134
beat1_DEFECT_SPALL_007,191,f0191.png,True,SPALL_DELAM,0.9039,715.4,358.8,1240.7,693.5,real,DEFECT_SPALL_007,7.415,98.639;2.651;7.609,902.4;910.4,0.1245
