defect_id,type,severity,repairable,reason,representation,host_surface,host_object,bridge_section,inspection_sector,occlusion,area_m2,width_mm,depth_mm,placement_rationale,x_m,y_m,z_m
DEFECT_CRACK_HAIRLINE_001,CRACK_HAIRLINE,4,False,severity 4 exceeds the maximum auto-repairable severity of 3,SHADER_DECAL,GIRDER_WEB,BR_GIRDER_071_G6,SECTION_04_RIVER_CROSSING,SECTOR_F,0.35,2.8254,7.622,0.0,"shear zone near support, girder web",2491.7351,10.1,19.541
DEFECT_CRACK_HAIRLINE_002,CRACK_HAIRLINE,3,True,within surface-repair envelope,SHADER_DECAL,PIER_COLUMN,BR_PIER_COL_060_2,SECTION_04_RIVER_CROSSING,SECTOR_A,0.2,0.8292,1.354,0.0,"column shaft, general surface",1758.1064,3.9707,8.931
DEFECT_CRACK_HAIRLINE_003,CRACK_HAIRLINE,4,False,severity 4 exceeds the maximum auto-repairable severity of 3,SHADER_DECAL,GIRDER_WEB,BR_GIRDER_067_G3,SECTION_04_RIVER_CROSSING,SECTOR_D,0.75,3.8442,6.477,0.0,"shear zone near support, girder web",2214.6479,-1.9,24.248
DEFECT_CRACK_HAIRLINE_004,CRACK_HAIRLINE,2,True,within surface-repair envelope,SHADER_DECAL,DECK_UNDERSIDE,BR_DECK_SLAB_072,SECTION_05_RIVERSIDE_VIADUCT,SECTOR_F,0.55,0.8672,0.697,0.0,"midspan flexural zone, deck soffit between girders",2516.5181,1.027,21.163
DEFECT_CRACK_HAIRLINE_005,CRACK_HAIRLINE,1,True,within surface-repair envelope,SHADER_DECAL,GIRDER_WEB,BR_GIRDER_065_G6,SECTION_04_RIVER_CROSSING,SECTOR_C,0.35,0.1432,0.05,0.0,"shear zone near support, girder web",2067.2959,10.1,24.254
DEFECT_CRACK_HAIRLINE_006,CRACK_HAIRLINE,1,True,within surface-repair envelope,SHADER_DECAL,DECK_UNDERSIDE,BR_DECK_SLAB_065,SECTION_04_RIVER_CROSSING,SECTOR_C,0.55,0.1623,0.198,0.0,"midspan flexural zone, deck soffit between girders",2095.594,-3.741,26.675
DEFECT_CRACK_HAIRLINE_007,CRACK_HAIRLINE,2,True,within surface-repair envelope,SHADER_DECAL,DECK_UNDERSIDE,BR_DECK_SLAB_058,SECTION_03_TRANSITION,SECTOR_A,0.55,0.5491,0.716,0.0,"midspan flexural zone, deck soffit between girders",1682.6309,-0.614,22.6215
DEFECT_CRACK_HAIRLINE_008,CRACK_HAIRLINE,1,True,within surface-repair envelope,SHADER_DECAL,PIER_COLUMN,BR_PIER_COL_060_1,SECTION_04_RIVER_CROSSING,SECTOR_A,0.2,0.1262,0.059,0.0,"column shaft, general surface",1759.5143,-3.355,10.795
DEFECT_CRACK_HAIRLINE_009,CRACK_HAIRLINE,1,True,within surface-repair envelope,SHADER_DECAL,PIER_COLUMN,BR_PIER_COL_059_1,SECTION_03_TRANSITION,SECTOR_A,0.2,0.1528,0.13,0.0,"column shaft, general surface",1699.9238,-5.6879,6.501
DEFECT_CRACK_HAIRLINE_010,CRACK_HAIRLINE,1,True,within surface-repair envelope,SHADER_DECAL,PIER_COLUMN,BR_PIER_COL_072_2,SECTION_04_RIVER_CROSSING,SECTOR_F,0.2,0.3758,0.186,0.0,"column shaft, general surface",2499.5095,5.5804,3.619
DEFECT_CRACK_HAIRLINE_011,CRACK_HAIRLINE,2,True,within surface-repair envelope,SHADER_DECAL,PIER_COLUMN,BR_PIER_COL_071_2,SECTION_04_RIVER_CROSSING,SECTOR_F,0.2,0.3541,0.257,0.0,"column shaft, general surface",2441.7324,5.2767,13.903
DEFECT_CRACK_HAIRLINE_012,CRACK_HAIRLINE,1,True,within surface-repair envelope,SHADER_DECAL,GIRDER_WEB,BR_GIRDER_070_G6,SECTION_04_RIVER_CROSSING,SECTOR_E,0.35,0.0945,0.059,0.0,"shear zone near support, girder web",2389.9258,10.1,20.162
DEFECT_CRACK_HAIRLINE_013,CRACK_HAIRLINE,1,True,within surface-repair envelope,SHADER_DECAL,PIER_COLUMN,BR_PIER_COL_063_2,SECTION_04_RIVER_CROSSING,SECTOR_B,0.3,0.0812,0.058,0.0,"waterline wet/dry cycling band, river pier",1935.3678,5.4311,-0.815
DEFECT_CRACK_HAIRLINE_014,CRACK_HAIRLINE,2,True,within surface-repair envelope,SHADER_DECAL,DIAPHRAGM,BR_DIAPHRAGM_069_3,SECTION_04_RIVER_CROSSING,SECTOR_E,0.85,0.8446,0.726,0.0,"cross diaphragm face, confined bay",2352.2334,1.363,22.003
DEFECT_CRACK_HAIRLINE_015,CRACK_HAIRLINE,1,True,within surface-repair envelope,SHADER_DECAL,GIRDER_BOTTOM_FLANGE,BR_GIRDER_066_G1,SECTION_04_RIVER_CROSSING,SECTOR_D,0.45,0.1409,0.085,0.0,"bottom flange soffit, minimum cover face",2187.7031,-10.074,23.4832
DEFECT_CRACK_HAIRLINE_016,CRACK_HAIRLINE,1,True,within surface-repair envelope,SHADER_DECAL,GIRDER_WEB,BR_GIRDER_062_G1,SECTION_04_RIVER_CROSSING,SECTOR_B,0.35,0.2286,0.183,0.0,"shear zone near support, girder web",1925.795,-10.1,23.067
DEFECT_CRACK_HAIRLINE_017,CRACK_HAIRLINE,2,True,within surface-repair envelope,SHADER_DECAL,GIRDER_WEB,BR_GIRDER_063_G3,SECTION_04_RIVER_CROSSING,SECTOR_B,0.75,0.3115,0.362,0.0,"shear zone near support, girder web",1942.076,-1.9,23.888
DEFECT_CRACK_HAIRLINE_018,CRACK_HAIRLINE,2,True,within surface-repair envelope,SHADER_DECAL,DECK_UNDERSIDE,BR_DECK_SLAB_070,SECTION_04_RIVER_CROSSING,SECTOR_F,0.55,0.2688,0.553,0.0,"midspan flexural zone, deck soffit between girders",2409.583,9.094,21.8671
DEFECT_CRACK_HAIRLINE_019,CRACK_HAIRLINE,1,True,within surface-repair envelope,SHADER_DECAL,PIER_CAP,BR_PIER_CAP_058,SECTION_03_TRANSITION,SECTOR_A,0.4,0.1916,0.12,0.0,"pier cap face, bursting and torsion zone",1667.967,5.748,19.472
DEFECT_CRACK_HAIRLINE_020,CRACK_HAIRLINE,2,True,within surface-repair envelope,SHADER_DECAL,GIRDER_BOTTOM_FLANGE,BR_GIRDER_059_G4,SECTION_04_RIVER_CROSSING,SECTOR_A,0.45,0.5643,0.479,0.0,"bottom flange soffit, minimum cover face",1735.6802,2.1,20.048
DEFECT_CRACK_HAIRLINE_021,CRACK_HAIRLINE,3,True,within surface-repair envelope,SHADER_DECAL,GIRDER_BOTTOM_FLANGE,BR_GIRDER_071_G3,SECTION_04_RIVER_CROSSING,SECTOR_F,0.45,0.583,1.389,0.0,"bottom flange soffit, minimum cover face",2485.1772,-2.065,18.5714
DEFECT_CRACK_HAIRLINE_022,CRACK_HAIRLINE,3,True,within surface-repair envelope,SHADER_DECAL,DIAPHRAGM,BR_DIAPHRAGM_059_2,SECTION_04_RIVER_CROSSING,SECTOR_A,0.85,2.1415,2.068,0.0,"cross diaphragm face, confined bay",1714.9418,3.91,21.869
DEFECT_CRACK_HAIRLINE_023,CRACK_HAIRLINE,4,False,severity 4 exceeds the maximum auto-repairable severity of 3,SHADER_DECAL,GIRDER_WEB,BR_GIRDER_070_G1,SECTION_04_RIVER_CROSSING,SECTOR_E,0.35,2.1714,6.294,0.0,"shear zone near support, girder web",2387.377,-10.1,20.422
DEFECT_CRACK_HAIRLINE_024,CRACK_HAIRLINE,1,True,within surface-repair envelope,SHADER_DECAL,PIER_COLUMN,BR_PIER_COL_066_2,SECTION_04_RIVER_CROSSING,SECTOR_D,0.2,0.1546,0.148,0.0,"column shaft, general surface",2145.2585,6.059,11.542
DEFECT_CRACK_HAIRLINE_025,CRACK_HAIRLINE,1,True,within surface-repair envelope,SHADER_DECAL,GIRDER_WEB,BR_GIRDER_066_G6,SECTION_04_RIVER_CROSSING,SECTOR_D,0.35,0.2492,0.063,0.0,"shear zone near support, girder web",2151.1809,9.9,24.665
DEFECT_CRACK_HAIRLINE_026,CRACK_HAIRLINE,3,True,within surface-repair envelope,SHADER_DECAL,GIRDER_WEB,BR_GIRDER_068_G6,SECTION_04_RIVER_CROSSING,SECTOR_E,0.35,3.3939,2.473,0.0,"shear zone near support, girder web",2271.5081,9.9,22.644
DEFECT_CRACK_HAIRLINE_027,CRACK_HAIRLINE,1,True,within surface-repair envelope,SHADER_DECAL,DIAPHRAGM,BR_DIAPHRAGM_059_2,SECTION_04_RIVER_CROSSING,SECTOR_A,0.85,0.2036,0.094,0.0,"cross diaphragm face, confined bay",1714.6417,-3.339,21.725
DEFECT_CRACK_HAIRLINE_028,CRACK_HAIRLINE,3,True,within surface-repair envelope,SHADER_DECAL,DIAPHRAGM,BR_DIAPHRAGM_069_4,SECTION_04_RIVER_CROSSING,SECTOR_E,0.85,1.2005,1.441,0.0,"cross diaphragm face, confined bay",2367.0251,-5.098,22.163
DEFECT_CRACK_HAIRLINE_029,CRACK_HAIRLINE,1,True,within surface-repair envelope,SHADER_DECAL,DIAPHRAGM,BR_DIAPHRAGM_065_6,SECTION_04_RIVER_CROSSING,SECTOR_D,0.85,0.0715,0.148,0.0,"cross diaphragm face, confined bay",2119.4358,-0.34,25.706
DEFECT_CRACK_HAIRLINE_030,CRACK_HAIRLINE,4,False,severity 4 exceeds the maximum auto-repairable severity of 3,SHADER_DECAL,DECK_UNDERSIDE,BR_DECK_SLAB_068,SECTION_04_RIVER_CROSSING,SECTOR_E,0.55,2.6285,3.64,0.0,"midspan flexural zone, deck soffit between girders",2292.425,0.992,24.071
DEFECT_CRACK_HAIRLINE_031,CRACK_HAIRLINE,3,True,within surface-repair envelope,SHADER_DECAL,GIRDER_WEB,BR_GIRDER_057_G6,SECTION_03_TRANSITION,SECTOR_A,0.35,1.4117,2.189,0.0,"shear zone near support, girder web",1664.835,9.9,21.66
DEFECT_CRACK_HAIRLINE_032,CRACK_HAIRLINE,2,True,within surface-repair envelope,SHADER_DECAL,PARAPET,BR_PARAPET_070_L,SECTION_04_RIVER_CROSSING,SECTOR_E,0.1,0.6138,0.791,0.0,"parapet inner face, exposure and impact",2388.0481,11.6,23.005
DEFECT_CRACK_HAIRLINE_033,CRACK_HAIRLINE,3,True,within surface-repair envelope,SHADER_DECAL,PARAPET,BR_PARAPET_061_L,SECTION_04_RIVER_CROSSING,SECTOR_B,0.1,1.2092,1.747,0.0,"parapet inner face, exposure and impact",1821.9,11.6,24.335
DEFECT_CRACK_HAIRLINE_034,CRACK_HAIRLINE,1,True,within surface-repair envelope,SHADER_DECAL,GIRDER_BOTTOM_FLANGE,BR_GIRDER_066_G6,SECTION_04_RIVER_CROSSING,SECTOR_D,0.45,0.2263,0.133,0.0,"bottom flange soffit, minimum cover face",2176.7109,10.024,23.4832
DEFECT_CRACK_HAIRLINE_035,CRACK_HAIRLINE,3,True,within surface-repair envelope,SHADER_DECAL,PIER_CAP,BR_PIER_CAP_072,SECTION_05_RIVERSIDE_VIADUCT,SECTOR_F,0.4,1.3324,2.155,0.0,"pier cap face, bursting and torsion zone",2501.3,4.032,17.334
DEFECT_CRACK_HAIRLINE_036,CRACK_HAIRLINE,3,True,within surface-repair envelope,SHADER_DECAL,DIAPHRAGM,BR_DIAPHRAGM_069_4,SECTION_04_RIVER_CROSSING,SECTOR_E,0.85,1.5944,1.744,0.0,"cross diaphragm face, confined bay",2366.7253,5.36,21.707
DEFECT_CRACK_HAIRLINE_037,CRACK_HAIRLINE,2,True,within surface-repair envelope,SHADER_DECAL,PARAPET,BR_PARAPET_065_R,SECTION_04_RIVER_CROSSING,SECTOR_C,0.1,0.851,0.623,0.0,"parapet inner face, exposure and impact",2073.824,-11.6,27.174
DEFECT_CRACK_HAIRLINE_038,CRACK_HAIRLINE,1,True,within surface-repair envelope,SHADER_DECAL,DECK_UNDERSIDE,BR_DECK_SLAB_064,SECTION_04_RIVER_CROSSING,SECTOR_C,0.55,0.264,0.093,0.0,"midspan flexural zone, deck soffit between girders",2019.417,-0.49,26.3097
DEFECT_CRACK_HAIRLINE_039,CRACK_HAIRLINE,2,True,within surface-repair envelope,SHADER_DECAL,PIER_COLUMN,BR_PIER_COL_065_1,SECTION_04_RIVER_CROSSING,SECTOR_C,0.2,0.3786,0.501,0.0,"column shaft, general surface",2054.126,-3.1717,5.524
DEFECT_CRACK_HAIRLINE_040,CRACK_HAIRLINE,1,True,within surface-repair envelope,SHADER_DECAL,GIRDER_BOTTOM_FLANGE,BR_GIRDER_064_G2,SECTION_04_RIVER_CROSSING,SECTOR_C,0.45,0.2212,0.071,0.0,"bottom flange soffit, minimum cover face",2037.99,-5.936,23.6202
DEFECT_CRACK_HAIRLINE_041,CRACK_HAIRLINE,1,True,within surface-repair envelope,SHADER_DECAL,GIRDER_WEB,BR_GIRDER_065_G3,SECTION_04_RIVER_CROSSING,SECTOR_C,0.75,0.4085,0.072,0.0,"shear zone near support, girder web",2069.4651,-1.9,24.844
DEFECT_CRACK_HAIRLINE_042,CRACK_HAIRLINE,2,True,within surface-repair envelope,SHADER_DECAL,GIRDER_WEB,BR_GIRDER_062_G1,SECTION_04_RIVER_CROSSING,SECTOR_B,0.35,1.0067,0.642,0.0,"shear zone near support, girder web",1888.7729,-9.9,23.379
DEFECT_CRACK_HAIRLINE_043,CRACK_HAIRLINE,1,True,within surface-repair envelope,SHADER_DECAL,GIRDER_BOTTOM_FLANGE,BR_GIRDER_069_G3,SECTION_04_RIVER_CROSSING,SECTOR_E,0.45,0.353,0.139,0.0,"bottom flange soffit, minimum cover face",2365.2529,-2.091,20.1857
DEFECT_CRACK_HAIRLINE_044,CRACK_HAIRLINE,2,True,within surface-repair envelope,SHADER_DECAL,GIRDER_WEB,BR_GIRDER_066_G2,SECTION_04_RIVER_CROSSING,SECTOR_D,0.75,0.5974,0.261,0.0,"shear zone near support, girder web",2198.6311,-5.9,24.618
DEFECT_CRACK_HAIRLINE_045,CRACK_HAIRLINE,2,True,within surface-repair envelope,SHADER_DECAL,DIAPHRAGM,BR_DIAPHRAGM_068_4,SECTION_04_RIVER_CROSSING,SECTOR_E,0.85,0.4738,0.646,0.0,"cross diaphragm face, confined bay",2307.8582,-0.167,23.288
DEFECT_CRACK_HAIRLINE_046,CRACK_HAIRLINE,1,True,within surface-repair envelope,SHADER_DECAL,GIRDER_BOTTOM_FLANGE,BR_GIRDER_058_G3,SECTION_03_TRANSITION,SECTOR_A,0.45,0.2352,0.174,0.0,"bottom flange soffit, minimum cover face",1691.579,-2.047,21.0215
DEFECT_CRACK_LONGITUDINAL_001,CRACK_LONGITUDINAL,1,True,within surface-repair envelope,SHADER_DECAL,GIRDER_WEB,BR_GIRDER_059_G2,SECTION_04_RIVER_CROSSING,SECTOR_A,0.75,0.1348,0.153,0.0,"shear zone near support, girder web",1752.0082,-5.9,21.259
DEFECT_CRACK_LONGITUDINAL_002,CRACK_LONGITUDINAL,1,True,within surface-repair envelope,SHADER_DECAL,GIRDER_WEB,BR_GIRDER_064_G1,SECTION_04_RIVER_CROSSING,SECTOR_C,0.35,0.1698,0.125,0.0,"shear zone near support, girder web",2004.142,-10.1,24.577
DEFECT_CRACK_LONGITUDINAL_003,CRACK_LONGITUDINAL,1,True,within surface-repair envelope,SHADER_DECAL,GIRDER_WEB,BR_GIRDER_072_G6,SECTION_05_RIVERSIDE_VIADUCT,SECTOR_F,0.35,0.0971,0.162,0.0,"shear zone near support, girder web",2529.49,10.1,20.547
DEFECT_CRACK_LONGITUDINAL_004,CRACK_LONGITUDINAL,2,True,within surface-repair envelope,SHADER_DECAL,GIRDER_WEB,BR_GIRDER_062_G3,SECTION_04_RIVER_CROSSING,SECTOR_B,0.75,0.3434,0.201,0.0,"shear zone near support, girder web",1928.213,-1.9,23.599
DEFECT_CRACK_LONGITUDINAL_005,CRACK_LONGITUDINAL,2,True,within surface-repair envelope,SHADER_DECAL,GIRDER_WEB,BR_GIRDER_060_G5,SECTION_04_RIVER_CROSSING,SECTOR_A,0.75,0.2448,0.636,0.0,"shear zone near support, girder web",1770.4252,6.1,22.004
DEFECT_CRACK_LONGITUDINAL_006,CRACK_LONGITUDINAL,3,True,within surface-repair envelope,SHADER_DECAL,PARAPET,BR_PARAPET_061_L,SECTION_04_RIVER_CROSSING,SECTOR_B,0.1,0.9318,1.227,0.0,"parapet inner face, exposure and impact",1875.4449,11.6,24.938
DEFECT_CRACK_LONGITUDINAL_007,CRACK_LONGITUDINAL,3,True,within surface-repair envelope,SHADER_DECAL,GIRDER_WEB,BR_GIRDER_063_G4,SECTION_04_RIVER_CROSSING,SECTOR_C,0.75,0.9728,1.028,0.0,"shear zone near support, girder web",1986.27,2.1,24.142
DEFECT_CRACK_LONGITUDINAL_008,CRACK_LONGITUDINAL,4,False,severity 4 exceeds the maximum auto-repairable severity of 3,SHADER_DECAL,GIRDER_WEB,BR_GIRDER_069_G6,SECTION_04_RIVER_CROSSING,SECTOR_E,0.35,2.3966,5.488,0.0,"shear zone near support, girder web",2327.948,9.9,21.634
DEFECT_CRACK_LONGITUDINAL_009,CRACK_LONGITUDINAL,2,True,within surface-repair envelope,SHADER_DECAL,PIER_COLUMN,BR_PIER_COL_058_2,SECTION_03_TRANSITION,SECTOR_A,0.2,0.3129,0.261,0.0,"column shaft, general surface",1666.2491,5.6173,7.584
DEFECT_CRACK_LONGITUDINAL_010,CRACK_LONGITUDINAL,1,True,within surface-repair envelope,SHADER_DECAL,PIER_COLUMN,BR_PIER_COL_072_1,SECTION_05_RIVERSIDE_VIADUCT,SECTOR_F,0.2,0.2076,0.084,0.0,"column shaft, general surface",2500.9651,-3.7891,7.637
DEFECT_CRACK_LONGITUDINAL_011,CRACK_LONGITUDINAL,4,False,severity 4 exceeds the maximum auto-repairable severity of 3,SHADER_DECAL,GIRDER_WEB,BR_GIRDER_064_G3,SECTION_04_RIVER_CROSSING,SECTOR_C,0.75,4.1609,3.975,0.0,"shear zone near support, girder web",2004.7349,-1.9,24.777
DEFECT_CRACK_LONGITUDINAL_012,CRACK_LONGITUDINAL,2,True,within surface-repair envelope,SHADER_DECAL,GIRDER_WEB,BR_GIRDER_066_G5,SECTION_04_RIVER_CROSSING,SECTOR_D,0.75,0.6034,0.731,0.0,"shear zone near support, girder web",2194.4526,6.1,24.773
DEFECT_CRACK_LONGITUDINAL_013,CRACK_LONGITUDINAL,3,True,within surface-repair envelope,SHADER_DECAL,PARAPET,BR_PARAPET_068_R,SECTION_04_RIVER_CROSSING,SECTOR_E,0.1,0.9757,1.364,0.0,"parapet inner face, exposure and impact",2315.8101,-11.6,24.616
DEFECT_CRACK_LONGITUDINAL_014,CRACK_LONGITUDINAL,4,False,severity 4 exceeds the maximum auto-repairable severity of 3,SHADER_DECAL,GIRDER_WEB,BR_GIRDER_060_G6,SECTION_04_RIVER_CROSSING,SECTOR_A,0.35,5.8481,5.566,0.0,"shear zone near support, girder web",1767.3322,9.9,21.569
DEFECT_CRACK_LONGITUDINAL_015,CRACK_LONGITUDINAL,3,True,within surface-repair envelope,SHADER_DECAL,PARAPET,BR_PARAPET_070_R,SECTION_04_RIVER_CROSSING,SECTOR_E,0.1,1.1226,1.257,0.0,"parapet inner face, exposure and impact",2388.0481,-11.6,23.023
DEFECT_CRACK_LONGITUDINAL_016,CRACK_LONGITUDINAL,3,True,within surface-repair envelope,SHADER_DECAL,GIRDER_WEB,BR_GIRDER_062_G6,SECTION_04_RIVER_CROSSING,SECTOR_B,0.35,2.1303,1.817,0.0,"shear zone near support, girder web",1884.015,10.1,23.454
DEFECT_CRACK_LONGITUDINAL_017,CRACK_LONGITUDINAL,1,True,within surface-repair envelope,SHADER_DECAL,GIRDER_WEB,BR_GIRDER_059_G6,SECTION_04_RIVER_CROSSING,SECTOR_A,0.35,0.1932,0.058,0.0,"shear zone near support, girder web",1751.342,10.1,21.126
DEFECT_CRACK_LONGITUDINAL_018,CRACK_LONGITUDINAL,1,True,within surface-repair envelope,SHADER_DECAL,GIRDER_WEB,BR_GIRDER_063_G2,SECTION_04_RIVER_CROSSING,SECTOR_C,0.75,0.4009,0.112,0.0,"shear zone near support, girder web",1985.3541,-5.9,24.284
DEFECT_CRACK_LONGITUDINAL_019,CRACK_LONGITUDINAL,4,False,severity 4 exceeds the maximum auto-repairable severity of 3,SHADER_DECAL,PARAPET,BR_PARAPET_061_R,SECTION_04_RIVER_CROSSING,SECTOR_B,0.1,1.4,3.661,0.0,"parapet inner face, exposure and impact",1875.4449,-11.6,25.248
DEFECT_CRACK_LONGITUDINAL_020,CRACK_LONGITUDINAL,3,True,within surface-repair envelope,SHADER_DECAL,GIRDER_WEB,BR_GIRDER_060_G1,SECTION_04_RIVER_CROSSING,SECTOR_B,0.35,2.1642,0.896,0.0,"shear zone near support, girder web",1808.2341,-10.1,22.068
DEFECT_CRACK_LONGITUDINAL_021,CRACK_LONGITUDINAL,1,True,within surface-repair envelope,SHADER_DECAL,GIRDER_WEB,BR_GIRDER_073_G3,SECTION_05_RIVERSIDE_VIADUCT,SECTOR_F,0.75,0.2316,0.064,0.0,"shear zone near support, girder web",2539.8352,-1.9,20.4771
DEFECT_CRACK_LONGITUDINAL_022,CRACK_LONGITUDINAL,1,True,within surface-repair envelope,SHADER_DECAL,GIRDER_WEB,BR_GIRDER_070_G6,SECTION_04_RIVER_CROSSING,SECTOR_F,0.35,0.1896,0.16,0.0,"shear zone near support, girder web",2432.3149,10.1,20.886
DEFECT_CRACK_TRANSVERSE_001,CRACK_TRANSVERSE,3,True,within surface-repair envelope,SHADER_DECAL,GIRDER_BOTTOM_FLANGE,BR_GIRDER_069_G4,SECTION_04_RIVER_CROSSING,SECTOR_E,0.45,0.3647,1.9,0.0,"bottom flange soffit, minimum cover face",2357.8359,1.901,20.1857
DEFECT_CRACK_TRANSVERSE_002,CRACK_TRANSVERSE,1,True,within surface-repair envelope,SHADER_DECAL,DECK_UNDERSIDE,BR_DECK_SLAB_063,SECTION_04_RIVER_CROSSING,SECTOR_C,0.55,0.4365,0.055,0.0,"midspan flexural zone, deck soffit between girders",1969.903,-8.304,25.6324
DEFECT_CRACK_TRANSVERSE_003,CRACK_TRANSVERSE,4,False,severity 4 exceeds the maximum auto-repairable severity of 3,SHADER_DECAL,GIRDER_BOTTOM_FLANGE,BR_GIRDER_072_G3,SECTION_05_RIVERSIDE_VIADUCT,SECTOR_F,0.45,1.0477,3.885,0.0,"bottom flange soffit, minimum cover face",2520.509,-1.951,19.563
DEFECT_CRACK_TRANSVERSE_004,CRACK_TRANSVERSE,3,True,within surface-repair envelope,SHADER_DECAL,GIRDER_BOTTOM_FLANGE,BR_GIRDER_064_G1,SECTION_04_RIVER_CROSSING,SECTOR_C,0.45,0.4387,2.346,0.0,"bottom flange soffit, minimum cover face",2012.265,-10.032,23.6202
DEFECT_CRACK_TRANSVERSE_005,CRACK_TRANSVERSE,1,True,within surface-repair envelope,SHADER_DECAL,DECK_UNDERSIDE,BR_DECK_SLAB_065,SECTION_04_RIVER_CROSSING,SECTOR_D,0.55,0.3807,0.068,0.0,"midspan flexural zone, deck soffit between girders",2101.957,4.709,26.675
DEFECT_CRACK_TRANSVERSE_006,CRACK_TRANSVERSE,1,True,within surface-repair envelope,SHADER_DECAL,GIRDER_BOTTOM_FLANGE,BR_GIRDER_063_G3,SECTION_04_RIVER_CROSSING,SECTOR_C,0.45,0.2385,0.158,0.0,"bottom flange soffit, minimum cover face",1977.0388,-2.031,22.943
DEFECT_CRACK_TRANSVERSE_007,CRACK_TRANSVERSE,2,True,within surface-repair envelope,SHADER_DECAL,DECK_UNDERSIDE,BR_DECK_SLAB_061,SECTION_04_RIVER_CROSSING,SECTOR_B,0.55,0.3731,0.552,0.0,"midspan flexural zone, deck soffit between girders",1848.828,-3.982,23.9114
DEFECT_CRACK_TRANSVERSE_008,CRACK_TRANSVERSE,1,True,within surface-repair envelope,SHADER_DECAL,GIRDER_BOTTOM_FLANGE,BR_GIRDER_065_G4,SECTION_04_RIVER_CROSSING,SECTOR_C,0.45,0.2649,0.109,0.0,"bottom flange soffit, minimum cover face",2081.1809,2.002,22.5841
DEFECT_CRACK_TRANSVERSE_009,CRACK_TRANSVERSE,1,True,within surface-repair envelope,SHADER_DECAL,GIRDER_BOTTOM_FLANGE,BR_GIRDER_061_G3,SECTION_04_RIVER_CROSSING,SECTOR_B,0.45,0.1702,0.082,0.0,"bottom flange soffit, minimum cover face",1848.172,-2.028,21.222
DEFECT_CRACK_TRANSVERSE_010,CRACK_TRANSVERSE,2,True,within surface-repair envelope,SHADER_DECAL,DECK_UNDERSIDE,BR_DECK_SLAB_070,SECTION_04_RIVER_CROSSING,SECTOR_F,0.55,0.5494,0.399,0.0,"midspan flexural zone, deck soffit between girders",2405.99,3.281,21.8671
DEFECT_CRACK_TRANSVERSE_011,CRACK_TRANSVERSE,2,True,within surface-repair envelope,SHADER_DECAL,GIRDER_BOTTOM_FLANGE,BR_GIRDER_065_G3,SECTION_04_RIVER_CROSSING,SECTOR_C,0.45,0.1897,0.353,0.0,"bottom flange soffit, minimum cover face",2088.5129,-2.077,22.5841
DEFECT_CRACK_TRANSVERSE_012,CRACK_TRANSVERSE,2,True,within surface-repair envelope,SHADER_DECAL,DECK_UNDERSIDE,BR_DECK_SLAB_069,SECTION_04_RIVER_CROSSING,SECTOR_E,0.55,0.4329,0.372,0.0,"midspan flexural zone, deck soffit between girders",2346.2439,8.322,22.8751
DEFECT_CRACK_TRANSVERSE_013,CRACK_TRANSVERSE,1,True,within surface-repair envelope,SHADER_DECAL,GIRDER_BOTTOM_FLANGE,BR_GIRDER_068_G4,SECTION_04_RIVER_CROSSING,SECTOR_E,0.45,0.2965,0.094,0.0,"bottom flange soffit, minimum cover face",2300.9697,1.927,21.3816
DEFECT_CRACK_TRANSVERSE_014,CRACK_TRANSVERSE,1,True,within surface-repair envelope,SHADER_DECAL,GIRDER_BOTTOM_FLANGE,BR_GIRDER_060_G2,SECTION_04_RIVER_CROSSING,SECTOR_A,0.45,0.1866,0.075,0.0,"bottom flange soffit, minimum cover face",1790.744,-6.003,20.489
DEFECT_CRACK_TRANSVERSE_015,CRACK_TRANSVERSE,1,True,within surface-repair envelope,SHADER_DECAL,GIRDER_BOTTOM_FLANGE,BR_GIRDER_057_G3,SECTION_03_TRANSITION,SECTOR_A,0.45,0.3022,0.196,0.0,"bottom flange soffit, minimum cover face",1654.2902,-2.014,20.6306
DEFECT_CRACK_TRANSVERSE_016,CRACK_TRANSVERSE,1,True,within surface-repair envelope,SHADER_DECAL,DECK_UNDERSIDE,BR_DECK_SLAB_066,SECTION_04_RIVER_CROSSING,SECTOR_D,0.55,0.19,0.152,0.0,"midspan flexural zone, deck soffit between girders",2175.3201,-4.951,26.1727
DEFECT_CRACK_TRANSVERSE_017,CRACK_TRANSVERSE,1,True,within surface-repair envelope,SHADER_DECAL,DECK_UNDERSIDE,BR_DECK_SLAB_063,SECTION_04_RIVER_CROSSING,SECTOR_C,0.55,0.2481,0.155,0.0,"midspan flexural zone, deck soffit between girders",1960.4958,4.714,25.6324
DEFECT_CRACK_TRANSVERSE_018,CRACK_TRANSVERSE,2,True,within surface-repair envelope,SHADER_DECAL,GIRDER_BOTTOM_FLANGE,BR_GIRDER_063_G4,SECTION_04_RIVER_CROSSING,SECTOR_C,0.45,0.1854,0.554,0.0,"bottom flange soffit, minimum cover face",1965.334,1.961,22.943
DEFECT_CRACK_TRANSVERSE_019,CRACK_TRANSVERSE,1,True,within surface-repair envelope,SHADER_DECAL,GIRDER_BOTTOM_FLANGE,BR_GIRDER_068_G2,SECTION_04_RIVER_CROSSING,SECTOR_E,0.45,0.2096,0.169,0.0,"bottom flange soffit, minimum cover face",2308.9919,-6.001,21.3816
DEFECT_CRACK_TRANSVERSE_020,CRACK_TRANSVERSE,3,True,within surface-repair envelope,SHADER_DECAL,GIRDER_BOTTOM_FLANGE,BR_GIRDER_067_G1,SECTION_04_RIVER_CROSSING,SECTOR_D,0.45,0.3948,1.898,0.0,"bottom flange soffit, minimum cover face",2219.9551,-9.982,22.5521
DEFECT_CRACK_DIAGONAL_001,CRACK_DIAGONAL,1,True,within surface-repair envelope,SHADER_DECAL,PIER_CAP,BR_PIER_CAP_073,SECTION_05_RIVERSIDE_VIADUCT,SECTOR_F,0.4,0.2034,0.092,0.0,"pier cap face, bursting and torsion zone",2536.3,-5.78,18.786
DEFECT_CRACK_DIAGONAL_002,CRACK_DIAGONAL,1,True,within surface-repair envelope,SHADER_DECAL,DIAPHRAGM,BR_DIAPHRAGM_065_6,SECTION_04_RIVER_CROSSING,SECTOR_D,0.85,0.3365,0.055,0.0,"cross diaphragm face, confined bay",2119.1357,-3.089,25.825
DEFECT_CRACK_DIAGONAL_003,CRACK_DIAGONAL,3,True,within surface-repair envelope,SHADER_DECAL,DIAPHRAGM,BR_DIAPHRAGM_059_4,SECTION_04_RIVER_CROSSING,SECTOR_A,0.85,0.9903,2.368,0.0,"cross diaphragm face, confined bay",1744.2252,5.135,21.773
DEFECT_CRACK_DIAGONAL_004,CRACK_DIAGONAL,1,True,within surface-repair envelope,SHADER_DECAL,DIAPHRAGM,BR_DIAPHRAGM_063_3,SECTION_04_RIVER_CROSSING,SECTOR_C,0.85,0.0709,0.192,0.0,"cross diaphragm face, confined bay",1966.1,4.305,24.787
DEFECT_CRACK_DIAGONAL_005,CRACK_DIAGONAL,2,True,within surface-repair envelope,SHADER_DECAL,DIAPHRAGM,BR_DIAPHRAGM_057_2,SECTION_03_TRANSITION,SECTOR_A,0.85,0.2271,0.622,0.0,"cross diaphragm face, confined bay",1650.15,4.849,21.467
DEFECT_CRACK_DIAGONAL_006,CRACK_DIAGONAL,3,True,within surface-repair envelope,SHADER_DECAL,DIAPHRAGM,BR_DIAPHRAGM_068_2,SECTION_04_RIVER_CROSSING,SECTOR_E,0.85,0.6623,2.225,0.0,"cross diaphragm face, confined bay",2277.9749,0.868,22.998
DEFECT_CRACK_DIAGONAL_007,CRACK_DIAGONAL,2,True,within surface-repair envelope,SHADER_DECAL,DIAPHRAGM,BR_DIAPHRAGM_063_4,SECTION_04_RIVER_CROSSING,SECTOR_C,0.85,0.4314,0.679,0.0,"cross diaphragm face, confined bay",1981.1915,-1.601,24.886
DEFECT_CRACK_DIAGONAL_008,CRACK_DIAGONAL,3,True,within surface-repair envelope,SHADER_DECAL,GIRDER_WEB,BR_GIRDER_061_G2,SECTION_04_RIVER_CROSSING,SECTOR_B,0.75,1.9641,1.588,0.0,"shear zone near support, girder web",1870.124,-5.9,22.564
DEFECT_CRACK_DIAGONAL_009,CRACK_DIAGONAL,2,True,within surface-repair envelope,SHADER_DECAL,DIAPHRAGM,BR_DIAPHRAGM_065_3,SECTION_04_RIVER_CROSSING,SECTOR_C,0.85,0.5212,0.39,0.0,"cross diaphragm face, confined bay",2080.5642,-5.29,25.849
DEFECT_CRACK_DIAGONAL_010,CRACK_DIAGONAL,1,True,within surface-repair envelope,SHADER_DECAL,DIAPHRAGM,BR_DIAPHRAGM_061_2,SECTION_04_RIVER_CROSSING,SECTOR_B,0.85,0.1469,0.113,0.0,"cross diaphragm face, confined bay",1833.2748,0.349,23.152
DEFECT_CRACK_DIAGONAL_011,CRACK_DIAGONAL,3,True,within surface-repair envelope,SHADER_DECAL,GIRDER_WEB,BR_GIRDER_057_G1,SECTION_03_TRANSITION,SECTOR_A,0.35,0.8542,0.8,0.0,"shear zone near support, girder web",1661.438,-10.1,21.367
DEFECT_CRACK_DIAGONAL_012,CRACK_DIAGONAL,1,True,within surface-repair envelope,SHADER_DECAL,GIRDER_WEB,BR_GIRDER_069_G5,SECTION_04_RIVER_CROSSING,SECTOR_E,0.75,0.0822,0.057,0.0,"shear zone near support, girder web",2328.7991,6.1,21.491
DEFECT_CRACK_DIAGONAL_013,CRACK_DIAGONAL,1,True,within surface-repair envelope,SHADER_DECAL,GIRDER_WEB,BR_GIRDER_071_G6,SECTION_04_RIVER_CROSSING,SECTOR_F,0.35,0.1002,0.073,0.0,"shear zone near support, girder web",2493.1211,9.9,19.752
DEFECT_CRACK_DIAGONAL_014,CRACK_DIAGONAL,2,True,within surface-repair envelope,SHADER_DECAL,GIRDER_WEB,BR_GIRDER_063_G2,SECTION_04_RIVER_CROSSING,SECTOR_B,0.75,0.9935,0.591,0.0,"shear zone near support, girder web",1942.986,-5.9,24.452
DEFECT_CRACK_DIAGONAL_015,CRACK_DIAGONAL,4,False,severity 4 exceeds the maximum auto-repairable severity of 3,SHADER_DECAL,GIRDER_WEB,BR_GIRDER_073_G6,SECTION_05_RIVERSIDE_VIADUCT,SECTOR_F,0.35,1.2404,4.684,0.0,"shear zone near support, girder web",2542.4609,10.1,20.422
DEFECT_CRACK_DIAGONAL_016,CRACK_DIAGONAL,2,True,within surface-repair envelope,SHADER_DECAL,GIRDER_WEB,BR_GIRDER_067_G4,SECTION_04_RIVER_CROSSING,SECTOR_D,0.75,0.5591,0.312,0.0,"shear zone near support, girder web",2210.624,2.1,23.611
DEFECT_CRACK_NETWORK_001,CRACK_NETWORK,1,True,within surface-repair envelope,SHADER_DECAL,PIER_COLUMN,BR_PIER_COL_060_1,SECTION_04_RIVER_CROSSING,SECTOR_A,0.2,0.1016,0.148,0.0,"column shaft, general surface",1760.16,-3.8383,4.085
DEFECT_CRACK_NETWORK_002,CRACK_NETWORK,3,True,within surface-repair envelope,SHADER_DECAL,PIER_COLUMN,BR_PIER_COL_058_1,SECTION_03_TRANSITION,SECTOR_A,0.2,0.53,2.264,0.0,"column shaft, general surface",1667.0712,-5.6243,2.509
DEFECT_CRACK_NETWORK_003,CRACK_NETWORK,2,True,within surface-repair envelope,SHADER_DECAL,PIER_CAP,BR_PIER_CAP_062,SECTION_04_RIVER_CROSSING,SECTOR_B,0.4,0.7894,0.692,0.0,"pier cap face, bursting and torsion zone",1876.2,-3.334,20.518
DEFECT_CRACK_NETWORK_004,CRACK_NETWORK,1,True,within surface-repair envelope,SHADER_DECAL,PIER_COLUMN,BR_PIER_COL_063_2,SECTION_04_RIVER_CROSSING,SECTOR_B,0.2,0.2105,0.164,0.0,"column shaft, general surface",1938.228,4.2536,2.867
DEFECT_CRACK_NETWORK_005,CRACK_NETWORK,1,True,within surface-repair envelope,SHADER_DECAL,PIER_COLUMN,BR_PIER_COL_072_2,SECTION_04_RIVER_CROSSING,SECTOR_F,0.2,0.1032,0.06,0.0,"column shaft, general surface",2498.854,4.8421,11.822
DEFECT_CRACK_NETWORK_006,CRACK_NETWORK,1,True,within surface-repair envelope,SHADER_DECAL,PIER_COLUMN,BR_PIER_COL_068_2,SECTION_04_RIVER_CROSSING,SECTOR_E,0.3,0.2877,0.054,0.0,"waterline wet/dry cycling band, river pier",2264.1331,5.866,-1.556
DEFECT_CRACK_NETWORK_007,CRACK_NETWORK,1,True,within surface-repair envelope,SHADER_DECAL,PIER_COLUMN,BR_PIER_COL_070_2,SECTION_04_RIVER_CROSSING,SECTOR_E,0.3,0.2245,0.156,0.0,"waterline wet/dry cycling band, river pier",2383.2529,4.4109,-1.348
DEFECT_CRACK_NETWORK_008,CRACK_NETWORK,1,True,within surface-repair envelope,SHADER_DECAL,DECK_UNDERSIDE,BR_DECK_SLAB_058,SECTION_03_TRANSITION,SECTOR_A,0.55,0.3614,0.134,0.0,"midspan flexural zone, deck soffit between girders",1687.4161,7.008,22.6215
DEFECT_CRACK_NETWORK_009,CRACK_NETWORK,2,True,within surface-repair envelope,SHADER_DECAL,DECK_UNDERSIDE,BR_DECK_SLAB_060,SECTION_04_RIVER_CROSSING,SECTOR_A,0.55,0.483,0.344,0.0,"midspan flexural zone, deck soffit between girders",1790.618,4.25,23.1784
DEFECT_CRACK_NETWORK_010,CRACK_NETWORK,4,False,severity 4 exceeds the maximum auto-repairable severity of 3,SHADER_DECAL,PIER_COLUMN,BR_PIER_COL_067_1,SECTION_04_RIVER_CROSSING,SECTOR_D,0.2,0.88,2.987,0.0,"column shaft, general surface",2205.7629,-4.4741,12.028
DEFECT_CRACK_NETWORK_011,CRACK_NETWORK,3,True,within surface-repair envelope,SHADER_DECAL,DECK_UNDERSIDE,BR_DECK_SLAB_065,SECTION_04_RIVER_CROSSING,SECTOR_D,0.55,1.1344,0.983,0.0,"midspan flexural zone, deck soffit between girders",2102.0803,8.004,26.675
DEFECT_CRACK_NETWORK_012,CRACK_NETWORK,2,True,within surface-repair envelope,SHADER_DECAL,DECK_UNDERSIDE,BR_DECK_SLAB_057,SECTION_03_TRANSITION,SECTOR_A,0.55,0.2514,0.37,0.0,"midspan flexural zone, deck soffit between girders",1652.735,2.937,22.2306
DEFECT_SPALL_001,SPALL,2,True,within surface-repair envelope,GEOMETRY,GIRDER_BOTTOM_FLANGE,BR_GIRDER_062_G3,SECTION_04_RIVER_CROSSING,SECTOR_B,0.45,0.1351,0.0,25.4,"bottom flange soffit, minimum cover face",1910.53,-2.042,22.0918
DEFECT_SPALL_002,SPALL,1,True,within surface-repair envelope,GEOMETRY,GIRDER_BOTTOM_FLANGE,BR_GIRDER_062_G5,SECTION_04_RIVER_CROSSING,SECTOR_B,0.45,0.0728,0.0,10.5,"bottom flange soffit, minimum cover face",1923.719,6.053,22.0918
DEFECT_SPALL_003,SPALL,1,True,within surface-repair envelope,GEOMETRY,GIRDER_BOTTOM_FLANGE,BR_GIRDER_059_G3,SECTION_04_RIVER_CROSSING,SECTOR_A,0.45,0.042,0.0,14.6,"bottom flange soffit, minimum cover face",1713.5031,-1.955,20.048
DEFECT_SPALL_004,SPALL,2,True,within surface-repair envelope,GEOMETRY,GIRDER_BOTTOM_FLANGE,BR_GIRDER_064_G4,SECTION_04_RIVER_CROSSING,SECTOR_C,0.45,0.1351,0.0,28.6,"bottom flange soffit, minimum cover face",2039.118,2.091,23.6202
DEFECT_SPALL_005,SPALL,3,True,within surface-repair envelope,GEOMETRY,GIRDER_BOTTOM_FLANGE,BR_GIRDER_068_G5,SECTION_04_RIVER_CROSSING,SECTOR_E,0.45,0.1351,0.0,47.7,"bottom flange soffit, minimum cover face",2295.946,6.002,21.3816
DEFECT_SPALL_006,SPALL,1,True,within surface-repair envelope,GEOMETRY,PIER_COLUMN,BR_PIER_COL_069_2,SECTION_04_RIVER_CROSSING,SECTOR_E,0.3,0.0834,0.0,13.5,"waterline wet/dry cycling band, river pier",2324.0117,5.0139,-0.671
DEFECT_SPALL_007,SPALL,2,True,within surface-repair envelope,GEOMETRY,GIRDER_BOTTOM_FLANGE,BR_GIRDER_063_G5,SECTION_04_RIVER_CROSSING,SECTOR_C,0.45,0.1351,0.0,19.4,"bottom flange soffit, minimum cover face",1963.255,6.092,22.943
DEFECT_SPALL_008,SPALL,1,True,within surface-repair envelope,GEOMETRY,PIER_COLUMN,BR_PIER_COL_070_2,SECTION_04_RIVER_CROSSING,SECTOR_E,0.2,0.0838,0.0,13.6,"column shaft, general surface",2380.4617,3.4705,7.053
DEFECT_SPALL_009,SPALL,3,True,within surface-repair envelope,GEOMETRY,GIRDER_BOTTOM_FLANGE,BR_GIRDER_066_G2,SECTION_04_RIVER_CROSSING,SECTOR_D,0.45,0.1351,0.0,30.9,"bottom flange soffit, minimum cover face",2171.2129,-6.064,23.4832
DEFECT_SPALL_010,SPALL,2,True,within surface-repair envelope,GEOMETRY,GIRDER_BOTTOM_FLANGE,BR_GIRDER_065_G1,SECTION_04_RIVER_CROSSING,SECTOR_D,0.45,0.1351,0.0,27.7,"bottom flange soffit, minimum cover face",2125.605,-10.094,22.5841
DEFECT_SPALL_011,SPALL,3,True,within surface-repair envelope,GEOMETRY,DECK_UNDERSIDE,BR_DECK_SLAB_061,SECTION_04_RIVER_CROSSING,SECTOR_B,0.55,0.4393,0.0,31.5,"midspan flexural zone, deck soffit between girders",1843.986,-7.265,23.9114
DEFECT_SPALL_012,SPALL,3,True,within surface-repair envelope,GEOMETRY,GIRDER_BOTTOM_FLANGE,BR_GIRDER_071_G4,SECTION_04_RIVER_CROSSING,SECTOR_F,0.45,0.1351,0.0,33.9,"bottom flange soffit, minimum cover face",2473.613,2.001,18.5714
DEFECT_SPALL_013,SPALL,2,True,within surface-repair envelope,GEOMETRY,GIRDER_BOTTOM_FLANGE,BR_GIRDER_071_G5,SECTION_04_RIVER_CROSSING,SECTOR_F,0.45,0.1351,0.0,20.0,"bottom flange soffit, minimum cover face",2471.491,5.96,18.5714
DEFECT_SPALL_014,SPALL,4,False,severity 4 exceeds the maximum auto-repairable severity of 3,GEOMETRY,GIRDER_BOTTOM_FLANGE,BR_GIRDER_059_G1,SECTION_04_RIVER_CROSSING,SECTOR_A,0.45,0.1351,0.0,64.3,"bottom flange soffit, minimum cover face",1730.436,-10.024,20.048
DEFECT_SPALL_015,SPALL,1,True,within surface-repair envelope,GEOMETRY,PIER_COLUMN,BR_PIER_COL_062_1,SECTION_04_RIVER_CROSSING,SECTOR_B,0.3,0.074,0.0,15.9,"waterline wet/dry cycling band, river pier",1877.1544,-2.9547,-0.9761
DEFECT_SPALL_016,SPALL,2,True,within surface-repair envelope,GEOMETRY,PIER_COLUMN,BR_PIER_COL_067_2,SECTION_04_RIVER_CROSSING,SECTOR_D,0.3,0.1304,0.0,24.5,"waterline wet/dry cycling band, river pier",2203.3438,5.8541,-0.773
DEFECT_SPALL_017,SPALL,3,True,within surface-repair envelope,GEOMETRY,PIER_CAP,BR_PIER_CAP_061,SECTION_04_RIVER_CROSSING,SECTOR_B,0.4,0.4209,0.0,33.0,"pier cap face, bursting and torsion zone",1817.033,3.039,19.605
DEFECT_SPALL_018,SPALL,3,True,within surface-repair envelope,GEOMETRY,PIER_COLUMN,BR_PIER_COL_063_2,SECTION_04_RIVER_CROSSING,SECTOR_B,0.2,0.1304,0.0,32.0,"column shaft, general surface",1938.1455,5.0793,13.078
DEFECT_DELAMINATION_001,DELAMINATION,2,False,delamination extent cannot be bounded from the surface,GEOMETRY,GIRDER_BOTTOM_FLANGE,BR_GIRDER_061_G1,SECTION_04_RIVER_CROSSING,SECTOR_B,0.45,0.1129,0.0,6.4,"bottom flange soffit, minimum cover face",1856.4352,-10.046,21.222
DEFECT_DELAMINATION_002,DELAMINATION,3,False,delamination extent cannot be bounded from the surface,GEOMETRY,DECK_UNDERSIDE,BR_DECK_SLAB_061,SECTION_04_RIVER_CROSSING,SECTOR_B,0.55,0.8271,0.0,12.9,"midspan flexural zone, deck soffit between girders",1852.0581,0.565,23.9114
DEFECT_DELAMINATION_003,DELAMINATION,2,False,delamination extent cannot be bounded from the surface,GEOMETRY,DECK_UNDERSIDE,BR_DECK_SLAB_064,SECTION_04_RIVER_CROSSING,SECTOR_C,0.55,0.1779,0.0,9.6,"midspan flexural zone, deck soffit between girders",2027.682,-4.309,26.3097
DEFECT_DELAMINATION_004,DELAMINATION,2,False,delamination extent cannot be bounded from the surface,GEOMETRY,DECK_UNDERSIDE,BR_DECK_SLAB_057,SECTION_03_TRANSITION,SECTOR_A,0.55,0.3958,0.0,5.7,"midspan flexural zone, deck soffit between girders",1654.9639,-3.685,22.2306
DEFECT_DELAMINATION_005,DELAMINATION,3,False,delamination extent cannot be bounded from the surface,GEOMETRY,GIRDER_BOTTOM_FLANGE,BR_GIRDER_059_G2,SECTION_04_RIVER_CROSSING,SECTOR_A,0.45,0.1351,0.0,12.2,"bottom flange soffit, minimum cover face",1737.579,-6.044,20.048
DEFECT_DELAMINATION_006,DELAMINATION,2,False,delamination extent cannot be bounded from the surface,GEOMETRY,DECK_UNDERSIDE,BR_DECK_SLAB_059,SECTION_04_RIVER_CROSSING,SECTOR_A,0.55,0.1673,0.0,7.4,"midspan flexural zone, deck soffit between girders",1729.1489,0.0051,22.7374
DEFECT_DELAMINATION_007,DELAMINATION,1,False,delamination extent cannot be bounded from the surface,GEOMETRY,GIRDER_BOTTOM_FLANGE,BR_GIRDER_058_G2,SECTION_03_TRANSITION,SECTOR_A,0.45,0.0678,0.0,5.3,"bottom flange soffit, minimum cover face",1686.421,-5.996,21.0215
DEFECT_DELAMINATION_008,DELAMINATION,1,False,delamination extent cannot be bounded from the surface,GEOMETRY,GIRDER_BOTTOM_FLANGE,BR_GIRDER_064_G6,SECTION_04_RIVER_CROSSING,SECTOR_C,0.45,0.0833,0.0,4.7,"bottom flange soffit, minimum cover face",2008.856,10.097,23.6202
DEFECT_DELAMINATION_009,DELAMINATION,1,False,delamination extent cannot be bounded from the surface,GEOMETRY,DECK_UNDERSIDE,BR_DECK_SLAB_058,SECTION_03_TRANSITION,SECTOR_A,0.55,0.08,0.0,5.2,"midspan flexural zone, deck soffit between girders",1678.033,3.295,22.6215
DEFECT_DELAMINATION_010,DELAMINATION,1,False,delamination extent cannot be bounded from the surface,GEOMETRY,DECK_UNDERSIDE,BR_DECK_SLAB_071,SECTION_04_RIVER_CROSSING,SECTOR_F,0.55,0.047,0.0,4.7,"midspan flexural zone, deck soffit between girders",2468.3899,4.6339,21.2608
DEFECT_REBAR_EXPOSED_001,REBAR_EXPOSED,3,False,exposed reinforcement requires structural assessment,GEOMETRY,PIER_COLUMN,BR_PIER_COL_073_2,SECTION_05_RIVERSIDE_VIADUCT,SECTOR_F,0.2,0.1304,0.0,31.2,"column shaft, general surface",2535.7222,3.546,13.543
DEFECT_REBAR_EXPOSED_002,REBAR_EXPOSED,3,False,exposed reinforcement requires structural assessment,GEOMETRY,PIER_COLUMN,BR_PIER_COL_069_1,SECTION_04_RIVER_CROSSING,SECTOR_E,0.3,0.1304,0.0,36.3,"waterline wet/dry cycling band, river pier",2322.5823,-6.087,-1.165
DEFECT_REBAR_EXPOSED_003,REBAR_EXPOSED,3,False,exposed reinforcement requires structural assessment,GEOMETRY,PIER_COLUMN,BR_PIER_COL_066_2,SECTION_04_RIVER_CROSSING,SECTOR_D,0.3,0.1304,0.0,39.1,"waterline wet/dry cycling band, river pier",2145.2349,2.9372,0.117
DEFECT_REBAR_EXPOSED_004,REBAR_EXPOSED,1,False,exposed reinforcement requires structural assessment,GEOMETRY,PIER_COLUMN,BR_PIER_COL_070_2,SECTION_04_RIVER_CROSSING,SECTOR_E,0.3,0.0812,0.0,12.8,"waterline wet/dry cycling band, river pier",2380.488,5.556,0.565
DEFECT_REBAR_EXPOSED_005,REBAR_EXPOSED,1,False,exposed reinforcement requires structural assessment,GEOMETRY,PIER_COLUMN,BR_PIER_COL_067_2,SECTION_04_RIVER_CROSSING,SECTOR_D,0.3,0.0415,0.0,8.7,"waterline wet/dry cycling band, river pier",2203.6006,3.015,0.211
DEFECT_REBAR_EXPOSED_006,REBAR_EXPOSED,2,False,exposed reinforcement requires structural assessment,GEOMETRY,PIER_COLUMN,BR_PIER_COL_061_1,SECTION_04_RIVER_CROSSING,SECTOR_B,0.3,0.1234,0.0,18.7,"waterline wet/dry cycling band, river pier",1819.3718,-5.6961,-0.2781
DEFECT_REBAR_EXPOSED_007,REBAR_EXPOSED,1,False,exposed reinforcement requires structural assessment,GEOMETRY,PIER_COLUMN,BR_PIER_COL_067_1,SECTION_04_RIVER_CROSSING,SECTOR_D,0.3,0.0595,0.0,14.9,"waterline wet/dry cycling band, river pier",2202.8145,-5.3265,-0.954
DEFECT_REBAR_EXPOSED_008,REBAR_EXPOSED,3,False,exposed reinforcement requires structural assessment,GEOMETRY,PIER_COLUMN,BR_PIER_COL_072_1,SECTION_05_RIVERSIDE_VIADUCT,SECTOR_F,0.2,0.1304,0.0,44.9,"column shaft, general surface",2500.3828,-3.3648,11.912
DEFECT_CORROSION_STAIN_001,CORROSION_STAIN,2,True,within surface-repair envelope,SHADER_DECAL,GIRDER_WEB,BR_GIRDER_067_G6,SECTION_04_RIVER_CROSSING,SECTOR_D,0.35,0.1501,0.643,0.0,"shear zone near support, girder web",2212.7241,10.1,23.647
DEFECT_CORROSION_STAIN_002,CORROSION_STAIN,1,True,within surface-repair envelope,SHADER_DECAL,GIRDER_WEB,BR_GIRDER_068_G1,SECTION_04_RIVER_CROSSING,SECTOR_E,0.35,0.2153,0.181,0.0,"shear zone near support, girder web",2312.2939,-10.1,22.657
DEFECT_CORROSION_STAIN_003,CORROSION_STAIN,1,True,within surface-repair envelope,SHADER_DECAL,GIRDER_WEB,BR_GIRDER_065_G6,SECTION_04_RIVER_CROSSING,SECTOR_D,0.35,0.0683,0.101,0.0,"shear zone near support, girder web",2135.042,9.9,25.212
DEFECT_CORROSION_STAIN_004,CORROSION_STAIN,1,True,within surface-repair envelope,SHADER_DECAL,GIRDER_WEB,BR_GIRDER_065_G4,SECTION_04_RIVER_CROSSING,SECTOR_D,0.75,0.2273,0.091,0.0,"shear zone near support, girder web",2134.533,2.1,25.072
DEFECT_CORROSION_STAIN_005,CORROSION_STAIN,2,True,within surface-repair envelope,SHADER_DECAL,GIRDER_WEB,BR_GIRDER_072_G2,SECTION_05_RIVERSIDE_VIADUCT,SECTOR_F,0.75,0.3992,0.421,0.0,"shear zone near support, girder web",2530.364,-5.9,20.47
DEFECT_CORROSION_STAIN_006,CORROSION_STAIN,1,True,within surface-repair envelope,SHADER_DECAL,GIRDER_WEB,BR_GIRDER_070_G3,SECTION_04_RIVER_CROSSING,SECTOR_E,0.75,0.1309,0.123,0.0,"shear zone near support, girder web",2390.7749,-1.9,20.247
DEFECT_CORROSION_STAIN_007,CORROSION_STAIN,2,True,within surface-repair envelope,SHADER_DECAL,GIRDER_WEB,BR_GIRDER_073_G6,SECTION_05_RIVERSIDE_VIADUCT,SECTOR_F,0.35,0.9023,0.529,0.0,"shear zone near support, girder web",2537.022,9.9,20.347
DEFECT_CORROSION_STAIN_008,CORROSION_STAIN,2,True,within surface-repair envelope,SHADER_DECAL,GIRDER_WEB,BR_GIRDER_071_G4,SECTION_04_RIVER_CROSSING,SECTOR_F,0.75,0.17,0.688,0.0,"shear zone near support, girder web",2491.5171,2.1,19.649
DEFECT_CORROSION_STAIN_009,CORROSION_STAIN,4,False,severity 4 exceeds the maximum auto-repairable severity of 3,SHADER_DECAL,GIRDER_WEB,BR_GIRDER_061_G3,SECTION_04_RIVER_CROSSING,SECTOR_B,0.75,4.7528,5.893,0.0,"shear zone near support, girder web",1828.4601,-1.9,22.7461
DEFECT_CORROSION_STAIN_010,CORROSION_STAIN,1,True,within surface-repair envelope,SHADER_DECAL,GIRDER_WEB,BR_GIRDER_070_G2,SECTION_04_RIVER_CROSSING,SECTOR_E,0.75,0.1707,0.09,0.0,"shear zone near support, girder web",2388.6082,-5.9,20.576
DEFECT_CORROSION_STAIN_011,CORROSION_STAIN,1,True,within surface-repair envelope,SHADER_DECAL,GIRDER_WEB,BR_GIRDER_066_G6,SECTION_04_RIVER_CROSSING,SECTOR_D,0.35,0.4973,0.152,0.0,"shear zone near support, girder web",2198.3723,10.1,24.501
DEFECT_CORROSION_STAIN_012,CORROSION_STAIN,2,True,within surface-repair envelope,SHADER_DECAL,GIRDER_WEB,BR_GIRDER_067_G1,SECTION_04_RIVER_CROSSING,SECTOR_E,0.35,0.5259,0.229,0.0,"shear zone near support, girder web",2254.29,-9.9,24.081
DEFECT_CORROSION_STAIN_013,CORROSION_STAIN,1,True,within surface-repair envelope,SHADER_DECAL,GIRDER_WEB,BR_GIRDER_059_G6,SECTION_04_RIVER_CROSSING,SECTOR_A,0.35,0.1702,0.17,0.0,"shear zone near support, girder web",1710.226,9.9,21.553
DEFECT_CORROSION_STAIN_014,CORROSION_STAIN,2,True,within surface-repair envelope,SHADER_DECAL,GIRDER_WEB,BR_GIRDER_065_G1,SECTION_04_RIVER_CROSSING,SECTOR_D,0.35,1.0623,0.488,0.0,"shear zone near support, girder web",2129.5308,-10.1,24.3191
DEFECT_CORROSION_STAIN_015,CORROSION_STAIN,1,True,within surface-repair envelope,SHADER_DECAL,GIRDER_WEB,BR_GIRDER_066_G1,SECTION_04_RIVER_CROSSING,SECTOR_D,0.35,0.1645,0.157,0.0,"shear zone near support, girder web",2197.4792,-9.9,24.807
DEFECT_CORROSION_STAIN_016,CORROSION_STAIN,3,True,within surface-repair envelope,SHADER_DECAL,GIRDER_WEB,BR_GIRDER_058_G3,SECTION_03_TRANSITION,SECTOR_A,0.75,0.4122,0.979,0.0,"shear zone near support, girder web",1671.4839,-1.9,21.854
DEFECT_CORROSION_STAIN_017,CORROSION_STAIN,4,False,severity 4 exceeds the maximum auto-repairable severity of 3,SHADER_DECAL,GIRDER_WEB,BR_GIRDER_062_G1,SECTION_04_RIVER_CROSSING,SECTOR_B,0.35,4.8972,6.997,0.0,"shear zone near support, girder web",1888.749,-10.1,23.83
DEFECT_CORROSION_STAIN_018,CORROSION_STAIN,1,True,within surface-repair envelope,SHADER_DECAL,GIRDER_WEB,BR_GIRDER_062_G5,SECTION_04_RIVER_CROSSING,SECTOR_B,0.75,0.2369,0.175,0.0,"shear zone near support, girder web",1887.576,6.1,23.709
DEFECT_CORROSION_STAIN_019,CORROSION_STAIN,1,True,within surface-repair envelope,SHADER_DECAL,GIRDER_WEB,BR_GIRDER_072_G3,SECTION_05_RIVERSIDE_VIADUCT,SECTOR_F,0.75,0.2993,0.186,0.0,"shear zone near support, girder web",2528.21,-1.9,20.279
DEFECT_CORROSION_STAIN_020,CORROSION_STAIN,1,True,within surface-repair envelope,SHADER_DECAL,GIRDER_WEB,BR_GIRDER_061_G6,SECTION_04_RIVER_CROSSING,SECTOR_B,0.35,0.1056,0.124,0.0,"shear zone near support, girder web",1867.462,10.1,22.224
DEFECT_JOINT_DETERIORATION_001,JOINT_DETERIORATION,3,True,within surface-repair envelope,SHADER_DECAL,PIER_CAP,BR_PIER_CAP_067,SECTION_04_RIVER_CROSSING,SECTOR_D,0.4,1.0076,1.065,0.0,"pier cap face, bursting and torsion zone",2202.8669,4.369,22.292
DEFECT_JOINT_DETERIORATION_002,JOINT_DETERIORATION,3,True,within surface-repair envelope,SHADER_DECAL,PIER_CAP,BR_PIER_CAP_068,SECTION_04_RIVER_CROSSING,SECTOR_E,0.4,2.1589,2.417,0.0,"pier cap face, bursting and torsion zone",2264.6331,4.058,20.49
DEFECT_JOINT_DETERIORATION_003,JOINT_DETERIORATION,3,True,within surface-repair envelope,SHADER_DECAL,PIER_CAP,BR_PIER_CAP_066,SECTION_04_RIVER_CROSSING,SECTOR_D,0.4,1.8048,1.567,0.0,"pier cap face, bursting and torsion zone",2146.3,0.562,21.356
DEFECT_JOINT_DETERIORATION_004,JOINT_DETERIORATION,2,True,within surface-repair envelope,SHADER_DECAL,PIER_CAP,BR_PIER_CAP_064,SECTION_04_RIVER_CROSSING,SECTOR_C,0.4,0.5795,0.663,0.0,"pier cap face, bursting and torsion zone",1997.1331,0.238,21.723
DEFECT_JOINT_DETERIORATION_005,JOINT_DETERIORATION,2,True,within surface-repair envelope,SHADER_DECAL,PIER_CAP,BR_PIER_CAP_068,SECTION_04_RIVER_CROSSING,SECTOR_E,0.4,0.5328,0.69,0.0,"pier cap face, bursting and torsion zone",2262.033,-5.644,20.391
DEFECT_JOINT_DETERIORATION_006,JOINT_DETERIORATION,4,False,severity 4 exceeds the maximum auto-repairable severity of 3,SHADER_DECAL,PIER_CAP,BR_PIER_CAP_073,SECTION_05_RIVERSIDE_VIADUCT,SECTOR_F,0.4,3.0,5.875,0.0,"pier cap face, bursting and torsion zone",2533.7,-4.279,17.967
DEFECT_JOINT_DETERIORATION_007,JOINT_DETERIORATION,3,True,within surface-repair envelope,SHADER_DECAL,PIER_CAP,BR_PIER_CAP_059,SECTION_03_TRANSITION,SECTOR_A,0.4,2.3682,1.719,0.0,"pier cap face, bursting and torsion zone",1698.7,5.137,20.206
DEFECT_JOINT_DETERIORATION_008,JOINT_DETERIORATION,1,True,within surface-repair envelope,SHADER_DECAL,PIER_CAP,BR_PIER_CAP_071,SECTION_04_RIVER_CROSSING,SECTOR_F,0.4,0.0872,0.116,0.0,"pier cap face, bursting and torsion zone",2439.533,6.027,17.433
DEFECT_JOINT_DETERIORATION_009,JOINT_DETERIORATION,2,True,within surface-repair envelope,SHADER_DECAL,PIER_CAP,BR_PIER_CAP_065,SECTION_04_RIVER_CROSSING,SECTOR_C,0.4,0.2302,0.382,0.0,"pier cap face, bursting and torsion zone",2056.3,-4.919,22.382
DEFECT_REPAIR_PATCH_001,REPAIR_PATCH,3,False,repair area 1.02 m2 exceeds the 0.45 m2 limit; requires access platform,GEOMETRY,GIRDER_WEB,BR_GIRDER_064_G6,SECTION_04_RIVER_CROSSING,SECTOR_C,0.35,1.0182,0.0,12.0,"shear zone near support, girder web",2048.4209,9.9,25.259
DEFECT_REPAIR_PATCH_002,REPAIR_PATCH,2,True,within surface-repair envelope,GEOMETRY,GIRDER_WEB,BR_GIRDER_057_G3,SECTION_03_TRANSITION,SECTOR_A,0.75,0.3187,0.0,10.2,"shear zone near support, girder web",1662.171,-1.9,21.384
DEFECT_REPAIR_PATCH_003,REPAIR_PATCH,2,True,within surface-repair envelope,GEOMETRY,GIRDER_WEB,BR_GIRDER_061_G5,SECTION_04_RIVER_CROSSING,SECTOR_B,0.75,0.1339,0.0,9.6,"shear zone near support, girder web",1823.6292,6.1,22.8991
DEFECT_REPAIR_PATCH_004,REPAIR_PATCH,1,True,within surface-repair envelope,GEOMETRY,GIRDER_WEB,BR_GIRDER_057_G4,SECTION_03_TRANSITION,SECTOR_A,0.75,0.111,0.0,7.6,"shear zone near support, girder web",1663.2349,2.1,21.2441
DEFECT_REPAIR_PATCH_005,REPAIR_PATCH,2,True,within surface-repair envelope,GEOMETRY,GIRDER_WEB,BR_GIRDER_068_G1,SECTION_04_RIVER_CROSSING,SECTOR_E,0.35,0.1727,0.0,9.5,"shear zone near support, girder web",2270.6978,-10.1,22.8919
DEFECT_REPAIR_PATCH_006,REPAIR_PATCH,2,True,within surface-repair envelope,GEOMETRY,GIRDER_WEB,BR_GIRDER_067_G5,SECTION_04_RIVER_CROSSING,SECTOR_D,0.75,0.2027,0.0,11.1,"shear zone near support, girder web",2215.103,6.1,24.196
DEFECT_REPAIR_PATCH_007,REPAIR_PATCH,1,True,within surface-repair envelope,GEOMETRY,PIER_COLUMN,BR_PIER_COL_064_1,SECTION_04_RIVER_CROSSING,SECTOR_C,0.3,0.0336,0.0,4.5,"waterline wet/dry cycling band, river pier",1995.3107,-2.9926,-0.2739
DEFECT_REPAIR_PATCH_008,REPAIR_PATCH,1,True,within surface-repair envelope,GEOMETRY,PIER_COLUMN,BR_PIER_COL_058_1,SECTION_03_TRANSITION,SECTOR_A,0.2,0.0825,0.0,7.8,"column shaft, general surface",1665.5243,-4.1381,16.837
DEFECT_REPAIR_PATCH_009,REPAIR_PATCH,3,False,repair area 1.17 m2 exceeds the 0.45 m2 limit; requires access platform,GEOMETRY,GIRDER_WEB,BR_GIRDER_059_G5,SECTION_04_RIVER_CROSSING,SECTOR_A,0.75,1.1663,0.0,12.0,"shear zone near support, girder web",1709.0631,6.1,21.676
DEFECT_REPAIR_PATCH_010,REPAIR_PATCH,1,True,within surface-repair envelope,GEOMETRY,GIRDER_WEB,BR_GIRDER_070_G3,SECTION_04_RIVER_CROSSING,SECTOR_F,0.75,0.0439,0.0,5.9,"shear zone near support, girder web",2433.697,-1.9,20.127
DEFECT_REPAIR_PATCH_011,REPAIR_PATCH,3,False,repair area 0.45 m2 exceeds the 0.45 m2 limit; requires access platform,GEOMETRY,GIRDER_WEB,BR_GIRDER_064_G2,SECTION_04_RIVER_CROSSING,SECTOR_C,0.75,0.4518,0.0,12.0,"shear zone near support, girder web",2045.6499,-5.9,24.91
